update,condition,seed0,seed1,seed2,seed3,seed4,mean,sample_std,valid_seed_count,source
1,OFF,0.368025541305542,1.070210337638855,1.1009118556976318,3.7832446098327637,0.8978991508483887,1.4440582990646362,1.340283616188527,5,TensorBoard
2,OFF,0.9866533875465393,0.20493322610855103,3.7955784797668457,0.21874535083770752,0.8029710054397583,1.2017762899398803,1.4910716984078305,5,TensorBoard
3,OFF,3.8080058097839355,1.4226408004760742,2.675868034362793,2.578011989593506,0.6304267644882202,2.2229906797409056,1.2268079255376827,5,TensorBoard
4,OFF,0.3466276526451111,5.180253028869629,3.3646130561828613,5.673844337463379,1.6346981525421143,3.240007245540619,2.272240416991494,5,TensorBoard
5,OFF,4.368437767028809,1.428149938583374,1.748979091644287,2.021289825439453,1.9519433975219727,2.3037600040435793,1.1769593704636252,5,TensorBoard
6,OFF,2.720790386199951,1.0043580532073975,1.7718446254730225,1.654860019683838,2.2616190910339355,1.8826944351196289,0.6483941160712619,5,TensorBoard
7,OFF,0.7670700550079346,1.1063311100006104,0.16280406713485718,0.12303146719932556,1.6042871475219727,0.7527047693729401,0.631451067574175,5,TensorBoard
8,OFF,0.36191463470458984,3.2239632606506348,1.408308744430542,0.27960801124572754,2.4643869400024414,1.5476363182067872,1.2926472441584798,5,TensorBoard
9,OFF,0.20443576574325562,1.6506903171539307,0.4250948429107666,2.061102867126465,2.121220827102661,1.2925089240074157,0.9140711629773551,5,TensorBoard
10,OFF,3.771453857421875,0.44632256031036377,2.752018451690674,1.3545136451721191,2.625332832336426,2.1899282693862916,1.2985399642642061,5,TensorBoard
11,OFF,1.567617654800415,7.86541748046875,1.9672452211380005,3.4533705711364746,7.172011852264404,4.405132555961609,2.9381043695912124,5,TensorBoard
12,OFF,0.7810491919517517,8.152008056640625,6.335760593414307,1.1300606727600098,3.635178565979004,4.006811416149139,3.218151923099668,5,TensorBoard
13,OFF,2.8294873237609863,1.9634568691253662,5.904414176940918,2.836714267730713,1.8951432704925537,3.0858431816101075,1.6393324334994448,5,TensorBoard
14,OFF,4.970370769500732,6.804096698760986,2.563115119934082,1.396799087524414,2.5036306381225586,3.6476024627685546,2.194542778206376,5,TensorBoard
15,OFF,5.399842739105225,3.194516658782959,2.0736446380615234,3.4100499153137207,0.31637296080589294,2.878885382413864,1.8676099315133807,5,TensorBoard
16,OFF,2.5260632038116455,5.880562782287598,5.796696662902832,3.340566635131836,1.0614347457885742,3.721064805984497,2.098697147007347,5,TensorBoard
17,OFF,2.7808291912078857,0.34832894802093506,3.210202693939209,1.4157898426055908,3.433835506439209,2.237797236442566,1.314985759374953,5,TensorBoard
18,OFF,3.624363899230957,2.4949967861175537,3.258871555328369,2.5548110008239746,1.3903565406799316,2.6646799564361574,0.8571494414472826,5,TensorBoard
19,OFF,0.3890224099159241,2.3581247329711914,3.4469656944274902,6.597177028656006,1.327402114868164,2.823738396167755,2.398484503923778,5,TensorBoard
20,OFF,2.728545665740967,1.3681755065917969,0.22278976440429688,2.6415646076202393,2.209263324737549,1.8340677738189697,1.0495458500526282,5,TensorBoard
21,OFF,2.8033273220062256,0.7254453301429749,1.3385679721832275,6.739857196807861,1.9361367225646973,2.708666908740997,2.3804725133243663,5,TensorBoard
22,OFF,3.156984567642212,4.427293300628662,1.7337675094604492,3.402186393737793,2.9674668312072754,3.1375397205352784,0.9660980112481032,5,TensorBoard
23,OFF,0.2620050311088562,5.116623878479004,3.0263166427612305,5.983644962310791,0.7672812938690186,3.03117436170578,2.542622491444507,5,TensorBoard
24,OFF,0.7324116230010986,4.35807991027832,1.0747883319854736,9.451204299926758,4.0976457595825195,3.942825984954834,3.5025361168820965,5,TensorBoard
25,OFF,2.6369409561157227,0.11585444211959839,1.01473069190979,0.5725007057189941,2.976598024368286,1.4633249640464783,1.272581170261534,5,TensorBoard
26,OFF,1.4948101043701172,0.5431132912635803,4.9629435539245605,2.763866901397705,1.8056073188781738,2.3140682339668275,1.6796470682908307,5,TensorBoard
27,OFF,5.902933597564697,0.4763628840446472,3.9145636558532715,3.925647735595703,2.9289486408233643,3.4296913027763365,1.9729985677358741,5,TensorBoard
28,OFF,6.842398643493652,0.5832651257514954,4.118922233581543,7.689936637878418,5.411690711975098,4.929242670536041,2.786507361428909,5,TensorBoard
29,OFF,0.5529674887657166,3.2396421432495117,4.092232704162598,1.3481428623199463,1.9862475395202637,2.2438465476036074,1.4261709736633492,5,TensorBoard
30,OFF,3.772228717803955,2.423588275909424,9.132274627685547,5.145977020263672,2.7767786979675293,4.650169467926025,2.7190590529827885,5,TensorBoard
31,OFF,4.0469255447387695,2.503408432006836,2.03025484085083,0.18480171263217926,1.0495238304138184,1.9629828721284865,1.4693313124640752,5,TensorBoard
32,OFF,4.326250076293945,1.709808111190796,0.23030728101730347,0.547824501991272,4.1558380126953125,2.1940055966377257,1.94908462013414,5,TensorBoard
33,OFF,5.9273223876953125,1.0052490234375,2.5848755836486816,1.5307247638702393,2.384624719619751,2.686559295654297,1.921380179750603,5,TensorBoard
34,OFF,4.437049388885498,4.1401543617248535,8.835023880004883,7.014634132385254,2.0632238388061523,5.298017120361328,2.6458925696543574,5,TensorBoard
35,OFF,3.406726837158203,3.8400561809539795,10.976568222045898,9.382076263427734,2.2915618419647217,5.979397869110107,3.9161679436617325,5,TensorBoard
36,OFF,7.684516906738281,0.7941272258758545,2.364201068878174,2.5112998485565186,3.2913732528686523,3.3291036605834963,2.597931568547152,5,TensorBoard
37,OFF,0.4256497025489807,4.946349143981934,2.0394062995910645,0.8053196668624878,2.653583526611328,2.174061667919159,1.793324440614686,5,TensorBoard
38,OFF,4.945021629333496,1.5246020555496216,4.7226176261901855,26.339492797851562,6.085387229919434,8.72342426776886,9.992383742058397,5,TensorBoard
39,OFF,2.0396645069122314,5.262701988220215,11.605111122131348,9.368875503540039,0.5371145009994507,5.762693524360657,4.70521000020367,5,TensorBoard
40,OFF,3.432072877883911,6.076883316040039,3.06864333152771,10.935282707214355,2.723395824432373,5.247255611419678,3.444308436296107,5,TensorBoard
41,OFF,14.77047061920166,3.423335552215576,1.3004623651504517,1.5192627906799316,1.5613956451416016,4.514985394477844,5.796505007437796,5,TensorBoard
42,OFF,9.591933250427246,5.400332450866699,3.967323064804077,0.8223584294319153,1.457804799079895,4.247950398921967,3.517260355064498,5,TensorBoard
43,OFF,4.481180667877197,4.658857345581055,16.827423095703125,11.771021842956543,3.288334369659424,8.205363464355468,5.866818776593909,5,TensorBoard
44,OFF,0.6082620620727539,11.434791564941406,3.004149913787842,8.08035659790039,0.6637529134750366,4.7582626104354855,4.8134388150354885,5,TensorBoard
45,OFF,1.098980188369751,3.011871576309204,22.72846221923828,19.71807861328125,8.862480163574219,11.08397455215454,9.745971503436548,5,TensorBoard
46,OFF,8.23349380493164,17.055253982543945,17.163482666015625,2.5128090381622314,2.4012327194213867,9.473254442214966,7.3590866463153795,5,TensorBoard
47,OFF,8.07137393951416,0.49073857069015503,15.552228927612305,15.414628982543945,3.234509229660034,8.55269593000412,6.884575595194428,5,TensorBoard
48,OFF,8.098207473754883,21.394594192504883,3.8914918899536133,10.321663856506348,2.2781918048858643,9.196829843521119,7.537768915479451,5,TensorBoard
49,OFF,0.8990414142608643,2.189908504486084,11.504037857055664,2.5695061683654785,7.85295295715332,5.003089380264282,4.501765684181921,5,TensorBoard
50,OFF,35.29368591308594,15.298286437988281,11.033258438110352,12.04414176940918,10.249429702758789,16.783760452270506,10.524420537847364,5,TensorBoard
51,OFF,8.546558380126953,5.699422836303711,3.139759063720703,14.859344482421875,1.2770916223526,6.704435276985168,5.316695104406106,5,TensorBoard
52,OFF,26.600263595581055,5.567697525024414,33.410240173339844,6.538687705993652,2.7284069061279297,14.969059181213378,14.005823831833185,5,TensorBoard
53,OFF,18.81195831298828,4.708636283874512,32.13833236694336,14.846883773803711,0.9090484380722046,14.282971835136413,12.350843525754069,5,TensorBoard
54,OFF,19.032543182373047,6.698683261871338,25.307397842407227,26.990358352661133,6.710979461669922,16.947992420196535,9.809675032212743,5,TensorBoard
55,OFF,22.684391021728516,23.44234848022461,12.604793548583984,39.63597869873047,1.052246332168579,19.88395161628723,14.302678849195615,5,TensorBoard
56,OFF,2.108635663986206,2.77492618560791,23.107709884643555,28.249746322631836,0.8082907199859619,11.409861755371093,13.17089205985615,5,TensorBoard
57,OFF,4.196061134338379,13.191308975219727,9.826251983642578,6.462800025939941,5.5642290115356445,7.848130226135254,3.637838575482445,5,TensorBoard
58,OFF,24.25025749206543,18.20690155029297,32.879478454589844,35.37895584106445,3.5756115913391113,22.85824098587036,12.77288109389247,5,TensorBoard
59,OFF,15.558042526245117,40.239139556884766,46.398406982421875,31.909770965576172,6.700203895568848,28.161112785339355,16.672867620838808,5,TensorBoard
60,OFF,31.359760284423828,35.781959533691406,44.486515045166016,6.563109397888184,3.116271495819092,24.261523151397704,18.388251948637656,5,TensorBoard
61,OFF,13.225913047790527,18.983051300048828,54.77973937988281,0.39270275831222534,0.6664338111877441,17.609568059444427,22.283484761230337,5,TensorBoard
62,OFF,1.4738825559616089,3.6353635787963867,8.797191619873047,30.936424255371094,2.9266152381896973,9.553895449638366,12.26806433064305,5,TensorBoard
63,OFF,2.207543134689331,48.95969772338867,45.49595642089844,24.180370330810547,4.903073787689209,25.14932827949524,21.898026028976716,5,TensorBoard
64,OFF,39.27741241455078,46.9479866027832,53.97066879272461,15.244707107543945,11.718274116516113,33.43180980682373,18.979931310717596,5,TensorBoard
65,OFF,60.01148986816406,33.44992446899414,7.861944675445557,37.2808837890625,9.551464080810547,29.63114137649536,21.640001172997067,5,TensorBoard
66,OFF,30.823854446411133,7.858101844787598,70.92623901367188,3.600510597229004,12.42275619506836,25.126292419433593,27.62710101725089,5,TensorBoard
67,OFF,2.1962482929229736,17.836349487304688,38.99749755859375,33.39436340332031,1.4246256351470947,18.769816875457764,17.31651396104459,5,TensorBoard
68,OFF,34.01812744140625,47.3884391784668,41.93602752685547,3.1972241401672363,6.340850830078125,26.576133823394777,20.49696168692457,5,TensorBoard
69,OFF,2.0148420333862305,30.04416275024414,53.69409942626953,27.407930374145508,5.991520881652832,23.83051109313965,20.841030996862933,5,TensorBoard
70,OFF,43.06354522705078,8.427384376525879,152.9902801513672,17.532133102416992,3.5256662368774414,45.107801818847655,62.204808183608925,5,TensorBoard
71,OFF,23.13540267944336,29.098365783691406,8.263368606567383,18.872407913208008,26.062110900878906,21.086331176757813,8.1006111146349,5,TensorBoard
72,OFF,34.119468688964844,14.91049861907959,6.221689701080322,70.32049560546875,15.277345657348633,28.169899654388427,25.670136809455496,5,TensorBoard
73,OFF,45.99433898925781,44.29100036621094,7.516141891479492,18.60590934753418,9.088747024536133,25.099227523803712,18.792241717645457,5,TensorBoard
74,OFF,2.614729881286621,37.54814147949219,70.28507995605469,16.436023712158203,23.44449234008789,30.06569347381592,25.77183385786136,5,TensorBoard
75,OFF,20.960975646972656,39.653236389160156,73.37700653076172,51.48063659667969,25.499919891357422,42.19435501098633,21.181422452955978,5,TensorBoard
76,OFF,87.1583251953125,12.863330841064453,2.693474769592285,40.99200439453125,4.266885757446289,29.594804191589354,35.667149802615114,5,TensorBoard
77,OFF,83.4141616821289,121.05038452148438,65.38755798339844,62.34178924560547,8.893712997436523,68.21752128601074,40.57122276365194,5,TensorBoard
78,OFF,5.7236223220825195,81.72698974609375,29.834835052490234,28.273653030395508,37.56217575073242,36.62425518035889,27.864916352310903,5,TensorBoard
79,OFF,17.95038604736328,20.05039405822754,36.75688171386719,35.08401870727539,33.456756591796875,28.659687423706053,8.925490583706349,5,TensorBoard
80,OFF,46.227622985839844,58.7144889831543,62.85654830932617,148.02059936523438,39.512516021728516,71.06635513305665,44.0299120148976,5,TensorBoard
81,OFF,43.19984817504883,53.35719299316406,73.9316177368164,34.569496154785156,9.181219100952148,42.84787483215332,23.868095797820658,5,TensorBoard
82,OFF,104.2787094116211,33.35862731933594,43.90959930419922,27.411155700683594,32.187469482421875,48.229112243652345,31.906380528484693,5,TensorBoard
83,OFF,66.91268157958984,8.727168083190918,15.349971771240234,41.71281433105469,6.985572814941406,27.93764171600342,25.86160298595554,5,TensorBoard
84,OFF,44.268890380859375,34.90565872192383,114.21504211425781,42.46037292480469,30.717514038085938,53.31349563598633,34.48920252947824,5,TensorBoard
85,OFF,9.303390502929688,13.616268157958984,76.1654052734375,156.51101684570312,1.809278964996338,51.48107194900513,65.80386165192428,5,TensorBoard
86,OFF,100.47940063476562,19.287429809570312,9.763307571411133,6.3698554039001465,37.81840515136719,34.743679714202884,38.72540348711296,5,TensorBoard
87,OFF,107.44839477539062,39.97462463378906,2.036597728729248,78.19435119628906,34.63589859008789,52.457973384857176,40.93312551176833,5,TensorBoard
88,OFF,22.737703323364258,26.708316802978516,43.72693634033203,142.17022705078125,90.58651733398438,65.18594017028809,50.780505372460844,5,TensorBoard
89,OFF,2.913175582885742,4.559720039367676,9.56281566619873,5.607837200164795,43.20186233520508,13.169082164764404,16.966512637117066,5,TensorBoard
90,OFF,89.03572082519531,13.389541625976562,39.34142303466797,35.44491195678711,5.696622848510742,36.58164405822754,32.60405212430226,5,TensorBoard
91,OFF,16.237972259521484,135.51336669921875,69.15013122558594,5.322530746459961,27.400413513183594,50.72488288879394,53.2055641347896,5,TensorBoard
92,OFF,119.71658325195312,7.715513229370117,9.770298957824707,27.56214141845703,79.2352294921875,48.79995326995849,49.03510025517349,5,TensorBoard
93,OFF,97.96442413330078,29.439395904541016,43.71095275878906,47.955848693847656,18.37186050415039,47.48849639892578,30.560824797655073,5,TensorBoard
94,OFF,9.202430725097656,87.84913635253906,15.832062721252441,70.3799819946289,14.065401077270508,39.46580257415771,36.79755157637426,5,TensorBoard
95,OFF,75.17906188964844,153.59007263183594,57.271087646484375,38.572322845458984,91.99276733398438,83.32106246948243,44.04621241977981,5,TensorBoard
96,OFF,119.89378356933594,22.47612953186035,6.460853576660156,58.19498062133789,8.728084564208984,43.150766372680664,47.629639939779906,5,TensorBoard
97,OFF,8.97674560546875,20.611873626708984,8.106922149658203,149.0029296875,128.94007873535156,63.1277099609375,69.77290236543273,5,TensorBoard
98,OFF,49.69078063964844,249.25314331054688,12.578096389770508,44.32408142089844,28.23680877685547,76.81658210754395,97.48399454505079,5,TensorBoard
99,OFF,90.09454345703125,82.31564331054688,11.662548065185547,41.00518035888672,64.671875,57.94995803833008,32.02262860381782,5,TensorBoard
100,OFF,108.39915466308594,194.32489013671875,7.304365634918213,89.67501831054688,29.72940444946289,85.88656663894653,73.49970776886404,5,TensorBoard
101,OFF,9.437030792236328,139.1907958984375,53.030059814453125,28.72623062133789,24.011585235595703,50.87914047241211,51.801641702068494,5,TensorBoard
102,OFF,68.15941619873047,115.2331314086914,11.52646255493164,222.43731689453125,137.74374389648438,111.02001419067383,78.86970442636077,5,TensorBoard
103,OFF,141.31396484375,23.148040771484375,14.242412567138672,59.14244079589844,225.5147705078125,92.6723258972168,89.61341257261576,5,TensorBoard
104,OFF,5.264862060546875,75.38995361328125,27.24083709716797,1.9960823059082031,61.33984375,34.24631576538086,32.99976190224421,5,TensorBoard
105,OFF,85.15853881835938,15.04936695098877,15.52707290649414,36.27943801879883,140.83731079101562,58.57034549713135,54.12593890152262,5,TensorBoard
106,OFF,29.451488494873047,74.71237182617188,31.80760383605957,135.50836181640625,116.5700454711914,77.60997428894044,48.20685484949012,5,TensorBoard
107,OFF,27.734222412109375,55.54593276977539,6.065079689025879,12.309436798095703,69.46640014648438,34.22421436309814,27.440579765396368,5,TensorBoard
108,OFF,46.014225006103516,72.46099853515625,6.797650337219238,10.673421859741211,53.69825744628906,37.928910636901854,28.366030468611754,5,TensorBoard
109,OFF,48.23930358886719,51.2590446472168,38.75287628173828,103.75950622558594,21.299562454223633,52.662058639526364,30.860775594377827,5,TensorBoard
110,OFF,37.437015533447266,23.47976303100586,8.249079704284668,52.997161865234375,62.61643981933594,36.95589199066162,21.918625968012545,5,TensorBoard
111,OFF,14.213749885559082,75.12684631347656,30.051782608032227,10.212076187133789,111.64179992675781,48.249250984191896,43.81041613874125,5,TensorBoard
112,OFF,120.97550201416016,67.10816955566406,14.975597381591797,84.78587341308594,79.87847137451172,73.54472274780274,38.36642518178498,5,TensorBoard
113,OFF,40.32892608642578,51.445308685302734,98.11039733886719,29.052013397216797,33.02001953125,50.3913330078125,28.002683316763612,5,TensorBoard
114,OFF,84.39451599121094,127.70061492919922,79.46737670898438,1.9109818935394287,149.72525024414062,88.63974795341491,56.747738214701904,5,TensorBoard
115,OFF,96.1247329711914,59.15962219238281,50.362327575683594,67.74728393554688,54.34756088256836,65.54830551147461,18.280038997283377,5,TensorBoard
116,OFF,39.36278533935547,87.3642578125,1.7775051593780518,51.509525299072266,24.227033615112305,40.84822144508362,31.946816412529127,5,TensorBoard
117,OFF,17.45943832397461,15.188207626342773,7.766786575317383,51.219696044921875,25.969989776611328,23.520823669433593,16.789792380227972,5,TensorBoard
118,OFF,2.059295654296875,238.37234497070312,3.7670481204986572,105.84552001953125,408.3984069824219,151.68852314949035,173.05006418272674,5,TensorBoard
119,OFF,67.94276428222656,45.640098571777344,22.42755126953125,41.78236770629883,49.71966552734375,45.502489471435545,16.337545123916186,5,TensorBoard
120,OFF,66.77185821533203,182.19773864746094,44.876853942871094,79.65560913085938,107.3406982421875,96.16855163574219,53.13548481037228,5,TensorBoard
121,OFF,64.3244857788086,35.70676803588867,20.117109298706055,9.3359375,42.95343017578125,34.48754615783692,21.228009408196748,5,TensorBoard
122,OFF,37.765892028808594,275.16546630859375,13.715835571289062,10.587238311767578,86.19705200195312,84.68629684448243,110.6950739844763,5,TensorBoard
123,OFF,66.21957397460938,104.12394714355469,3.6219372749328613,101.21873474121094,56.15373611450195,66.26758584976196,40.87008822539708,5,TensorBoard
124,OFF,6.037641525268555,173.14422607421875,1.2628930807113647,3.794663429260254,22.12865447998047,41.27361571788788,74.1678688591924,5,TensorBoard
125,OFF,158.20428466796875,37.513362884521484,29.492568969726562,81.34017181396484,58.062808990478516,72.92263946533203,51.73155785465888,5,TensorBoard
126,OFF,46.366859436035156,99.75784301757812,9.621681213378906,1.676435947418213,36.21091079711914,38.72674608230591,38.759920776745744,5,TensorBoard
127,OFF,112.83529663085938,79.0549545288086,26.798091888427734,16.298295974731445,17.483564376831055,50.49404067993164,43.3667398021007,5,TensorBoard
128,OFF,40.197723388671875,109.76228332519531,2.8017187118530273,92.74885559082031,9.2608642578125,50.95428905487061,48.419730970196724,5,TensorBoard
129,OFF,79.30925750732422,97.69584655761719,19.692428588867188,12.673830032348633,19.629247665405273,45.8001220703125,39.62292874088572,5,TensorBoard
130,OFF,11.94571304321289,24.808870315551758,7.94804573059082,77.48220825195312,583.1839599609375,141.07375946044922,248.70632644103375,5,TensorBoard
131,OFF,29.320152282714844,70.50323486328125,9.984703063964844,57.07147979736328,154.7696533203125,64.32984466552735,55.78805107960017,5,TensorBoard
132,OFF,79.77185821533203,42.87928771972656,18.959976196289062,32.85033416748047,2073.0751953125,449.5073303222656,907.8817892742788,5,TensorBoard
133,OFF,84.98865509033203,311.94024658203125,3.724433422088623,94.21371459960938,433.74871826171875,185.723153591156,179.647144459046,5,TensorBoard
134,OFF,142.269775390625,297.9903564453125,21.640737533569336,20.552358627319336,50.21061706542969,106.53276901245117,118.00912484744124,5,TensorBoard
135,OFF,159.85572814941406,106.93107604980469,3.1022894382476807,83.8884048461914,219.62069702148438,114.67963910102844,81.41122458426362,5,TensorBoard
136,OFF,163.5637664794922,143.17111206054688,23.573829650878906,43.35869598388672,109.003173828125,96.53411560058593,61.18473977658008,5,TensorBoard
137,OFF,9.066059112548828,147.51651000976562,23.379390716552734,6.345168113708496,316.9816589355469,100.6577573776245,134.3945894763157,5,TensorBoard
138,OFF,13.693095207214355,47.64694595336914,16.014955520629883,5.880618095397949,97.90239715576172,36.22760238647461,37.98511642746007,5,TensorBoard
139,OFF,60.79937744140625,7.291419982910156,9.76705265045166,20.857662200927734,131.06491088867188,45.956084632873534,52.19762634672861,5,TensorBoard
140,OFF,2.5371904373168945,94.33360290527344,3.8869705200195312,25.640430450439453,73.97564697265625,40.074768257141116,41.89351762688826,5,TensorBoard
141,OFF,135.3837890625,52.63780212402344,4.793292999267578,31.735557556152344,871.0288696289062,219.11586227416993,367.6826471465539,5,TensorBoard
142,OFF,40.35133361816406,107.12782287597656,7.091610908508301,115.41063690185547,452.25250244140625,144.44678134918212,177.96240429378798,5,TensorBoard
143,OFF,36.73414611816406,6.94499397277832,24.642581939697266,34.92607116699219,172.9203338623047,55.233625411987305,66.84383424524157,5,TensorBoard
144,OFF,9.001620292663574,564.9542236328125,23.783180236816406,28.556991577148438,53.658226013183594,135.9908483505249,240.3367930852276,5,TensorBoard
145,OFF,9.533862113952637,321.4959716796875,29.402019500732422,4.197512626647949,225.5621795654297,118.03830909729004,146.2410142313168,5,TensorBoard
146,OFF,119.72683715820312,12.791062355041504,25.443862915039062,39.19847869873047,37.59128952026367,46.95030612945557,42.05201102194726,5,TensorBoard
147,OFF,59.43511199951172,67.4850082397461,16.501440048217773,12.990901947021484,33.02631378173828,37.88775520324707,24.703984308604504,5,TensorBoard
148,OFF,4.121199131011963,103.88611602783203,6.470736026763916,42.768707275390625,24.467575073242188,36.34286670684814,40.85028935016199,5,TensorBoard
149,OFF,3.903944969177246,110.50321960449219,26.897186279296875,13.625635147094727,288.25616455078125,88.63723011016846,119.31485918117895,5,TensorBoard
150,OFF,74.89599609375,104.530517578125,12.19727897644043,35.05927658081055,78.55708312988281,61.04803047180176,36.915007152477095,5,TensorBoard
151,OFF,37.392921447753906,159.13824462890625,18.826271057128906,49.09210205078125,1278.2257080078125,308.53504943847656,544.834665608684,5,TensorBoard
152,OFF,16.33979606628418,261.2196350097656,19.825172424316406,4.39699649810791,167.13052368164062,93.78242473602295,114.96951083791907,5,TensorBoard
153,OFF,5.521536827087402,32.16686248779297,15.56207275390625,58.25139617919922,37.90469741821289,29.881313133239747,20.450546386331624,5,TensorBoard
154,OFF,30.916309356689453,195.8434600830078,6.318970203399658,1.9811453819274902,155.03298950195312,78.01857490539551,90.76765812439423,5,TensorBoard
155,OFF,50.117652893066406,27.562965393066406,5.217952251434326,1.6371326446533203,238.5272674560547,64.61259412765503,99.14979090029709,5,TensorBoard
156,OFF,31.23090934753418,108.89414978027344,20.090600967407227,8.049052238464355,347.931640625,103.23927059173585,142.36082381632204,5,TensorBoard
157,OFF,33.98471450805664,252.82489013671875,20.68929100036621,14.785083770751953,116.80534362792969,87.81786460876465,101.00202093877398,5,TensorBoard
158,OFF,1.4200599193572998,43.595115661621094,25.708526611328125,39.992881774902344,29.88999366760254,28.12131552696228,16.600296680525314,5,TensorBoard
159,OFF,5.239865303039551,35.5814208984375,2.1237456798553467,10.541481018066406,96.154052734375,29.92811312675476,39.29462081480917,5,TensorBoard
160,OFF,6.806386947631836,14.794355392456055,2.4014859199523926,24.662113189697266,347.38037109375,79.2089425086975,150.15161185520543,5,TensorBoard
161,OFF,25.85164451599121,104.80709838867188,16.515949249267578,18.917734146118164,1626.2379150390625,358.46606826782227,709.6554865664225,5,TensorBoard
162,OFF,23.10891342163086,110.53052520751953,28.468456268310547,11.753121376037598,150.63262939453125,64.89872913360595,61.908342671007496,5,TensorBoard
163,OFF,20.51165008544922,131.21218872070312,64.2889633178711,7.43079948425293,1562.687744140625,357.22626914978025,675.6044705812577,5,TensorBoard
164,OFF,1.6209485530853271,51.03519821166992,21.247817993164062,18.665111541748047,343.15289306640625,87.14439387321472,144.21360562655596,5,TensorBoard
165,OFF,12.936823844909668,62.65364074707031,13.306680679321289,5.978358268737793,128.69752502441406,44.714605712890624,52.13377445442951,5,TensorBoard
166,OFF,33.53101348876953,25.892080307006836,43.170684814453125,29.197988510131836,581.947998046875,142.74795303344726,245.6061589227581,5,TensorBoard
167,OFF,38.85340881347656,44.557823181152344,1.1073005199432373,27.16678237915039,257.67266845703125,73.87159667015075,104.09657446228425,5,TensorBoard
168,OFF,27.153846740722656,94.99917602539062,43.734962463378906,15.724708557128906,63.277557373046875,48.978050231933594,31.352792872772113,5,TensorBoard
169,OFF,41.24018478393555,13.204267501831055,4.728390216827393,3.234168529510498,151.187744140625,42.718951034545896,62.53221796055287,5,TensorBoard
170,OFF,42.84777069091797,167.98562622070312,62.6129150390625,4.689769744873047,61.406471252441406,67.90851058959962,60.64321643654828,5,TensorBoard
171,OFF,5.421197414398193,7.53782320022583,3.4698665142059326,12.84996223449707,186.26426696777344,43.10862326622009,80.10302711595185,5,TensorBoard
172,OFF,64.74411010742188,3.916287422180176,23.872753143310547,12.929012298583984,709.94580078125,163.0815927505493,306.58979735922543,5,TensorBoard
173,OFF,4.094446182250977,49.2410888671875,3.916510820388794,0.8440046906471252,1621.326171875,335.88444448709487,718.8644267329046,5,TensorBoard
174,OFF,13.29766845703125,224.21298217773438,69.41902160644531,4.552585601806641,343.899658203125,131.0763832092285,148.02862873110698,5,TensorBoard
175,OFF,9.438276290893555,61.71005630493164,6.39954948425293,13.29934310913086,109.49268341064453,40.0679817199707,44.93459356147824,5,TensorBoard
176,OFF,32.03538513183594,86.38070678710938,6.361920356750488,4.798844337463379,153.9830322265625,56.71197776794433,63.602137238291725,5,TensorBoard
177,OFF,64.80279541015625,88.99331665039062,3.9439947605133057,13.42343521118164,490.2069091796875,132.27409024238585,203.18439622003163,5,TensorBoard
178,OFF,6.935940742492676,65.3748779296875,11.385263442993164,4.834856033325195,66.81462860107422,31.069113349914552,32.06527548682742,5,TensorBoard
179,OFF,9.042828559875488,195.24855041503906,10.179107666015625,14.896324157714844,657.7033081054688,177.41402378082276,280.0554615679682,5,TensorBoard
180,OFF,17.260343551635742,217.21429443359375,7.703015327453613,8.753572463989258,272.2594299316406,104.6381311416626,129.4173823182427,5,TensorBoard
181,OFF,18.235572814941406,218.81234741210938,46.5598030090332,10.225327491760254,24.840518951416016,63.73471393585205,87.73573196507736,5,TensorBoard
182,OFF,1.4002354145050049,80.01158142089844,2.9987704753875732,1.8778822422027588,24.953214645385742,22.248336839675904,33.778888922110156,5,TensorBoard
183,OFF,18.060571670532227,4.025140762329102,16.097476959228516,1.600644588470459,56.82432174682617,19.321631145477294,22.172354555571662,5,TensorBoard
184,OFF,10.885965347290039,100.8525161743164,33.45684051513672,7.357750415802002,1461.76318359375,322.86325120925903,637.7717932246102,5,TensorBoard
185,OFF,15.652839660644531,119.263671875,62.86250305175781,6.572016716003418,70.152587890625,54.90072383880615,45.59237521182894,5,TensorBoard
186,OFF,8.320333480834961,163.8969268798828,28.774494171142578,4.704909801483154,20.48594093322754,45.236521053314206,67.0251778659187,5,TensorBoard
187,OFF,16.290740966796875,186.99147033691406,78.73460388183594,16.99599838256836,163.81231689453125,92.5650260925293,80.17520645165085,5,TensorBoard
188,OFF,25.733768463134766,6.85811710357666,22.65540885925293,0.896623432636261,51.068668365478516,21.442517244815825,19.57315287155198,5,TensorBoard
189,OFF,32.675785064697266,16.546369552612305,73.3082275390625,1.6405034065246582,55.39199447631836,35.912576007843015,28.8876453946175,5,TensorBoard
190,OFF,15.516440391540527,79.02105712890625,14.271194458007812,2.4413375854492188,125.30320739746094,47.31064739227295,52.924761485928514,5,TensorBoard
191,OFF,19.910037994384766,57.962093353271484,81.29090881347656,4.50489616394043,118.48631286621094,56.43084983825683,46.101307175855155,5,TensorBoard
192,OFF,20.533634185791016,85.16300201416016,73.47911071777344,2.1139583587646484,74.61712646484375,51.1813663482666,37.24268328225771,5,TensorBoard
193,OFF,19.40140724182129,221.0261993408203,47.79841613769531,19.540237426757812,179.77391052246094,97.50803413391114,95.75369465876406,5,TensorBoard
194,OFF,2.1928563117980957,99.17588806152344,18.389991760253906,21.965343475341797,109.95708465576172,50.336232852935794,50.20759972204769,5,TensorBoard
195,OFF,3.0299270153045654,157.26109313964844,59.07331848144531,21.06863021850586,571.7073974609375,162.42807326316833,236.4364234844761,5,TensorBoard
196,OFF,24.575838088989258,8.550348281860352,16.456100463867188,4.622624397277832,35.374351501464844,17.915852546691895,12.406732588474709,5,TensorBoard
197,OFF,7.173157691955566,168.25051879882812,6.050780773162842,8.047113418579102,1328.9732666015625,303.6989674568176,577.3789241952868,5,TensorBoard
198,OFF,1.8607497215270996,89.52644348144531,16.960651397705078,2.706007719039917,275.24603271484375,77.25997700691224,116.43484329796898,5,TensorBoard
199,OFF,18.668338775634766,36.35977554321289,88.3907470703125,19.398752212524414,68.53983306884766,46.27148933410645,31.033171753663204,5,TensorBoard
200,OFF,6.471909523010254,13.917981147766113,107.47139739990234,12.912239074707031,122.2657699584961,52.607859420776364,57.14763146552264,5,TensorBoard
1,REAL,1.4011187553405762,1.3477580547332764,1.3780336380004883,1.876649260520935,2.7742772102355957,1.7555673837661743,0.6096934761941311,5,TensorBoard
2,REAL,3.2478713989257812,1.2019768953323364,3.2792654037475586,1.5078322887420654,2.104526996612549,2.268294596672058,0.9648560609068082,5,TensorBoard
3,REAL,2.778855562210083,2.491205930709839,2.5251073837280273,2.6935505867004395,1.9204845428466797,2.481840801239014,0.3354546739655557,5,TensorBoard
4,REAL,1.1343392133712769,4.019545555114746,4.1166672706604,5.88962459564209,2.154919385910034,3.4630192041397097,1.8546742796325466,5,TensorBoard
5,REAL,3.261059284210205,0.9273667931556702,1.6555094718933105,1.8903346061706543,6.215109825134277,2.7898759961128237,2.092793774422379,5,TensorBoard
6,REAL,4.506322860717773,1.2586920261383057,0.23892375826835632,1.4428789615631104,0.9800270795822144,1.685368937253952,1.6422809142386505,5,TensorBoard
7,REAL,2.48563814163208,0.5908586382865906,1.086210012435913,0.47983044385910034,5.402190208435059,2.0089454889297484,2.0580299747695494,5,TensorBoard
8,REAL,1.868743896484375,0.14862409234046936,0.59028160572052,2.7403059005737305,1.4866589307785034,1.3669228851795197,1.0295345526703807,5,TensorBoard
9,REAL,0.560319721698761,0.901185154914856,0.31689631938934326,1.818575382232666,0.3696105480194092,0.7933174252510071,0.6171672875407165,5,TensorBoard
10,REAL,4.103965759277344,0.34225502610206604,2.9033498764038086,3.0428643226623535,6.928078651428223,3.464102727174759,2.379410248645445,5,TensorBoard
11,REAL,1.9246968030929565,6.086833953857422,0.8928959369659424,1.9686696529388428,8.211099624633789,3.8168391942977906,3.16258512108143,5,TensorBoard
12,REAL,2.3774852752685547,3.6415188312530518,5.044148921966553,1.276057243347168,4.807033538818359,3.4292487621307375,1.6041892148538062,5,TensorBoard
13,REAL,2.352895736694336,0.5595229864120483,4.581735610961914,1.9652345180511475,2.1449620723724365,2.3208701848983764,1.4467465617670605,5,TensorBoard
14,REAL,4.837239742279053,5.905276298522949,3.582866668701172,0.7879622578620911,5.867293834686279,4.196127760410309,2.1281852953751015,5,TensorBoard
15,REAL,5.661362648010254,3.4517290592193604,1.5651226043701172,3.8339991569519043,1.244385004043579,3.151319694519043,1.8034019092907316,5,TensorBoard
16,REAL,4.122367858886719,2.627915859222412,4.849098205566406,1.4709551334381104,0.9436935186386108,2.8028061151504517,1.6725181464222514,5,TensorBoard
17,REAL,2.571272611618042,1.020188808441162,1.7243030071258545,3.281804323196411,4.191192626953125,2.557752275466919,1.2501300579544525,5,TensorBoard
18,REAL,6.087696552276611,3.129782199859619,1.2793700695037842,3.228659152984619,5.895654678344727,3.924232530593872,2.0418957458379374,5,TensorBoard
19,REAL,0.3090277314186096,1.3285291194915771,3.2998414039611816,10.013965606689453,1.052485466003418,3.200769865512848,3.965855368632703,5,TensorBoard
20,REAL,2.1736650466918945,0.3944382071495056,1.9876060485839844,5.741734027862549,3.1924936771392822,2.697987401485443,1.9745141472812464,5,TensorBoard
21,REAL,1.9556448459625244,2.7456302642822266,0.4520689845085144,10.101911544799805,4.658176422119141,3.9826864123344423,3.741846730627009,5,TensorBoard
22,REAL,1.8201549053192139,0.22113654017448425,2.4638779163360596,3.0768094062805176,9.190006256103516,3.3543970048427583,3.431312956241173,5,TensorBoard
23,REAL,0.5371183156967163,4.571547508239746,3.8563835620880127,3.8670849800109863,2.1938838958740234,3.005203652381897,1.6332838633292608,5,TensorBoard
24,REAL,1.2085363864898682,1.9244409799575806,1.9567992687225342,8.049152374267578,6.445816993713379,3.916949200630188,3.107171226369628,5,TensorBoard
25,REAL,2.8019301891326904,0.2176835536956787,2.0528244972229004,3.426847457885742,3.7336668968200684,2.446590518951416,1.4023920180921565,5,TensorBoard
26,REAL,0.6687466502189636,2.0692496299743652,3.914304256439209,5.818998336791992,3.462778091430664,3.186815392971039,1.9444411751837996,5,TensorBoard
27,REAL,7.876950263977051,0.6806352138519287,3.1562509536743164,0.24451857805252075,7.885963439941406,3.9688636898994445,3.7403323249467944,5,TensorBoard
28,REAL,8.21397590637207,3.787862539291382,4.288019180297852,3.263267755508423,11.109764099121094,6.132577896118164,3.39991278638532,5,TensorBoard
29,REAL,0.7618852853775024,4.605437755584717,5.685027599334717,3.3630075454711914,3.5297675132751465,3.589025139808655,1.8353225936884716,5,TensorBoard
30,REAL,6.066895484924316,2.1832499504089355,8.450927734375,5.941066741943359,9.316703796386719,6.391768741607666,2.7755939082227155,5,TensorBoard
31,REAL,11.231285095214844,1.570683479309082,3.8178608417510986,2.3323705196380615,4.074029922485352,4.605245971679688,3.846462421529969,5,TensorBoard
32,REAL,6.474071979522705,1.4633266925811768,2.246281147003174,7.8666253089904785,15.390857696533203,6.688232564926148,5.572269110760342,5,TensorBoard
33,REAL,11.202383041381836,2.2484359741210938,9.58791732788086,6.939187049865723,5.8656511306762695,7.168714904785157,3.467088908263781,5,TensorBoard
34,REAL,5.920232772827148,2.6574952602386475,4.259808540344238,8.800703048706055,2.5714125633239746,4.8419304370880125,2.602906590590847,5,TensorBoard
35,REAL,8.066118240356445,5.5766282081604,9.224946975708008,14.27978229522705,0.4435915946960449,7.51821346282959,5.068332563148605,5,TensorBoard
36,REAL,12.714455604553223,0.5338156223297119,5.00060510635376,4.741580963134766,11.106592178344727,6.819409894943237,5.006635974840567,5,TensorBoard
37,REAL,1.511949062347412,3.912672996520996,1.8267874717712402,3.158559799194336,4.65260124206543,3.012514114379883,1.3396962610908736,5,TensorBoard
38,REAL,11.69072151184082,1.592238426208496,5.951973915100098,16.50558853149414,37.84972381591797,14.718049240112304,14.111744795557275,5,TensorBoard
39,REAL,6.595450401306152,11.129791259765625,9.168155670166016,7.894318580627441,3.6254982948303223,7.682642841339112,2.8185455679660305,5,TensorBoard
40,REAL,7.687132835388184,13.869531631469727,10.671440124511719,25.42367935180664,3.5377721786499023,12.237911224365234,8.297326396655835,5,TensorBoard
41,REAL,29.66399383544922,4.162390232086182,3.8295340538024902,16.296798706054688,1.9122626781463623,11.172995901107788,11.800493245708088,5,TensorBoard
42,REAL,12.81010627746582,6.101301193237305,9.924395561218262,5.619049549102783,48.471885681152344,16.585347652435303,18.066176697819635,5,TensorBoard
43,REAL,11.26056957244873,5.524825096130371,21.03691864013672,28.697696685791016,15.69625473022461,16.443252944946288,8.914923385521282,5,TensorBoard
44,REAL,2.142228603363037,9.593403816223145,4.927186965942383,21.380916595458984,0.549047589302063,7.7185567140579225,8.373532267570727,5,TensorBoard
45,REAL,2.239126205444336,10.341176986694336,10.878299713134766,16.555570602416992,28.415767669677734,13.685988235473634,9.686361966754271,5,TensorBoard
46,REAL,4.10731315612793,19.49059295654297,6.540262222290039,21.77814292907715,3.701758623123169,11.123613977432251,8.786991121040911,5,TensorBoard
47,REAL,32.7437858581543,0.7206457257270813,11.324971199035645,4.429040908813477,17.988449096679688,13.441378557682038,12.656789006960535,5,TensorBoard
48,REAL,19.51363754272461,12.638774871826172,2.2200162410736084,44.57465362548828,16.61490821838379,19.11239809989929,15.668322084803536,5,TensorBoard
49,REAL,3.2637860774993896,6.0198893547058105,4.253168106079102,47.32571029663086,7.100645542144775,13.592639875411987,18.916418362257165,5,TensorBoard
50,REAL,40.061279296875,5.2186102867126465,3.0816986560821533,6.508999824523926,53.76879119873047,21.727875852584837,23.529682845266624,5,TensorBoard
51,REAL,1.1092712879180908,9.540346145629883,3.9323763847351074,15.313516616821289,17.771251678466797,9.533352422714234,7.134588402889314,5,TensorBoard
52,REAL,25.6483211517334,19.181978225708008,25.952491760253906,46.219947814941406,14.288637161254883,26.25827522277832,12.1684030863346,5,TensorBoard
53,REAL,28.633275985717773,12.881793022155762,35.76100158691406,22.189849853515625,19.307079315185547,23.754599952697752,8.780688658643259,5,TensorBoard
54,REAL,8.25953197479248,14.8502197265625,22.917675018310547,55.075103759765625,14.900741577148438,23.200654411315917,18.560145815335385,5,TensorBoard
55,REAL,30.012353897094727,26.222137451171875,33.94812774658203,56.9152946472168,49.517333984375,39.323049545288086,13.234644483746031,5,TensorBoard
56,REAL,23.081581115722656,4.512057781219482,35.01876449584961,4.475742816925049,15.852965354919434,16.588222312927247,12.98975659732093,5,TensorBoard
57,REAL,23.47338104248047,35.86743927001953,8.691694259643555,28.62954330444336,8.881587982177734,21.10872917175293,12.079522808571923,5,TensorBoard
58,REAL,1.9179027080535889,38.64365768432617,33.40360641479492,48.579627990722656,8.069546699523926,26.122868299484253,20.161151692222806,5,TensorBoard
59,REAL,24.117679595947266,31.97414779663086,5.652085304260254,119.20889282226562,27.642318725585938,41.71902484893799,44.46466969799159,5,TensorBoard
60,REAL,41.00621032714844,11.854362487792969,8.301194190979004,12.50450611114502,14.80007553100586,17.693269729614258,13.23906115029869,5,TensorBoard
61,REAL,45.349395751953125,50.28929901123047,26.19995880126953,68.09535217285156,26.85302734375,43.35740661621094,17.54107788840267,5,TensorBoard
62,REAL,32.0627326965332,37.48544692993164,95.46157836914062,13.866199493408203,54.87321472167969,46.74983444213867,30.90993604279747,5,TensorBoard
63,REAL,11.301855087280273,17.943714141845703,34.99349594116211,110.21513366699219,1.6309045553207397,35.2170206785202,43.655172589703525,5,TensorBoard
64,REAL,5.482156753540039,58.06798553466797,78.50498962402344,61.19281768798828,32.36566925048828,47.122723770141604,28.523325488251075,5,TensorBoard
65,REAL,102.71883392333984,70.77011108398438,83.32962799072266,3.679964780807495,7.736546993255615,53.647016954422,45.24040927674345,5,TensorBoard
66,REAL,23.015647888183594,18.842466354370117,131.58055114746094,72.17359924316406,17.833999633789062,52.689252853393555,49.609709648678255,5,TensorBoard
67,REAL,14.423975944519043,67.04409790039062,26.829952239990234,17.099210739135742,10.197091102600098,27.11886558532715,23.140915086736946,5,TensorBoard
68,REAL,20.678268432617188,96.34339904785156,73.95769500732422,37.30220031738281,15.723690032958984,48.80105056762695,35.03697286621534,5,TensorBoard
69,REAL,60.148258209228516,59.423927307128906,42.625083923339844,19.365360260009766,21.687110900878906,40.64994812011719,19.67975119294336,5,TensorBoard
70,REAL,67.79816436767578,129.55076599121094,21.97681999206543,51.747432708740234,13.193010330200195,56.85323867797852,46.24221894043887,5,TensorBoard
71,REAL,10.404060363769531,24.390249252319336,41.37591552734375,16.704666137695312,2.1314187049865723,19.0012619972229,14.945268025376835,5,TensorBoard
72,REAL,32.21464538574219,23.271743774414062,35.3819465637207,12.98048210144043,14.401825904846191,23.650128746032713,10.130426135271737,5,TensorBoard
73,REAL,76.57270812988281,93.04989624023438,6.700859069824219,43.026912689208984,26.514171600341797,49.172909545898435,35.46479126580292,5,TensorBoard
74,REAL,24.58957862854004,38.37267303466797,101.61360168457031,98.90042114257812,7.023518085479736,54.09995851516724,43.58620484748441,5,TensorBoard
75,REAL,12.40217399597168,23.79768180847168,46.720542907714844,78.4176025390625,14.864313125610352,35.24046287536621,27.675665227756934,5,TensorBoard
76,REAL,23.132808685302734,48.07644271850586,64.05622100830078,46.22922897338867,22.49211883544922,40.79736404418945,17.82261967565531,5,TensorBoard
77,REAL,73.01699829101562,166.94607543945312,72.9087905883789,146.44729614257812,15.850897789001465,95.03401165008545,61.35737638167946,5,TensorBoard
78,REAL,117.64015197753906,113.90555572509766,29.138702392578125,35.81559753417969,1.1899669170379639,59.537994909286496,52.96945775248202,5,TensorBoard
79,REAL,16.023296356201172,50.64595413208008,109.42230224609375,152.89971923828125,14.137032508850098,68.62566089630127,60.880563583408446,5,TensorBoard
80,REAL,82.25804901123047,29.616840362548828,58.08915710449219,33.50178146362305,7.576712608337402,42.20850811004639,28.67873421244175,5,TensorBoard
81,REAL,15.325118064880371,47.522071838378906,61.70619583129883,28.6103515625,20.34804916381836,34.70235729217529,19.44343380565291,5,TensorBoard
82,REAL,52.07301712036133,191.11709594726562,12.911188125610352,111.98814392089844,1.401860237121582,73.89826107025146,78.48978739155456,5,TensorBoard
83,REAL,111.95352172851562,76.70114135742188,433.4849853515625,115.140380859375,9.554047584533691,149.36681537628175,164.40973822254347,5,TensorBoard
84,REAL,132.80679321289062,409.0796813964844,397.473876953125,20.456491470336914,25.82467269897461,197.1283031463623,193.49215434453225,5,TensorBoard
85,REAL,166.92315673828125,163.10845947265625,357.64105224609375,89.99269104003906,17.97071075439453,159.12721405029296,126.67785095204722,5,TensorBoard
86,REAL,14.09671688079834,197.51068115234375,146.27947998046875,9.2094087600708,17.20245361328125,76.85974807739258,88.67145271571685,5,TensorBoard
87,REAL,24.031551361083984,5.545341968536377,3.885404586791992,36.508583068847656,29.94701385498047,19.983578968048096,14.631693184964647,5,TensorBoard
88,REAL,3.8916449546813965,151.21490478515625,73.38859558105469,52.325225830078125,14.56718921661377,59.07751207351684,58.665041521453446,5,TensorBoard
89,REAL,49.2872314453125,51.58979797363281,94.25105285644531,143.80018615722656,16.063045501708984,70.99826278686524,49.261414359850704,5,TensorBoard
90,REAL,21.953641891479492,63.435546875,213.2840118408203,113.64501953125,33.13848114013672,89.09134025573731,77.97934912568266,5,TensorBoard
91,REAL,48.680442810058594,18.384937286376953,62.129825592041016,298.43212890625,12.272634506225586,87.97999382019043,119.45486932053159,5,TensorBoard
92,REAL,107.77523040771484,53.692970275878906,21.277809143066406,3.067230701446533,8.444040298461914,38.85145616531372,43.25711501684629,5,TensorBoard
93,REAL,92.56639862060547,65.43126678466797,72.75904846191406,30.840707778930664,18.409936904907227,56.00147171020508,30.630535517363814,5,TensorBoard
94,REAL,42.8460807800293,40.62016677856445,7.131296157836914,89.85710144042969,12.72964096069336,38.636857223510745,32.82129160290629,5,TensorBoard
95,REAL,18.141387939453125,21.518930435180664,70.45062255859375,43.0968017578125,15.448939323425293,33.731336402893064,23.25109305324532,5,TensorBoard
96,REAL,56.20591735839844,42.9900016784668,52.68858337402344,301.00970458984375,8.773225784301758,92.33348655700684,118.15221142390611,5,TensorBoard
97,REAL,40.6703987121582,122.7236328125,203.35235595703125,111.391357421875,31.570571899414062,101.9416633605957,69.84191780388277,5,TensorBoard
98,REAL,54.62712478637695,115.61000061035156,26.30510139465332,112.22386932373047,4.807191848754883,62.714657592773435,49.98354208512356,5,TensorBoard
99,REAL,91.91797637939453,146.67071533203125,200.98765563964844,31.945232391357422,23.197795867919922,98.94387512207031,75.77340285684495,5,TensorBoard
100,REAL,8.740779876708984,228.41146850585938,119.56787872314453,5.8229875564575195,22.419065475463867,76.99243602752685,96.74970730423502,5,TensorBoard
101,REAL,66.48442077636719,186.10140991210938,103.87971496582031,64.95481872558594,23.246967315673828,88.93346633911133,61.35684751562897,5,TensorBoard
102,REAL,109.56513977050781,13.558241844177246,27.0303955078125,91.07684326171875,6.236160755157471,49.493356227874756,47.447095754461586,5,TensorBoard
103,REAL,78.02400207519531,295.1368408203125,132.5164031982422,15.831323623657227,30.990795135498047,110.49987297058105,112.8207066367454,5,TensorBoard
104,REAL,79.86811828613281,109.62171173095703,252.2111053466797,185.72097778320312,3.620833396911621,126.20854930877685,96.00609367599294,5,TensorBoard
105,REAL,40.798851013183594,295.11041259765625,173.73312377929688,136.6068115234375,21.169422149658203,133.48372421264648,110.6322086984939,5,TensorBoard
106,REAL,79.18838500976562,141.50875854492188,41.83449935913086,118.80537414550781,1.1151493787765503,76.49043328762055,56.80599212090312,5,TensorBoard
107,REAL,22.836444854736328,7.393850326538086,134.1260223388672,99.6644515991211,1.9772580862045288,53.199605441093446,59.89967544017638,5,TensorBoard
108,REAL,35.482635498046875,117.25143432617188,74.55665588378906,245.9825439453125,4.470541954040527,95.54876232147217,94.13445035606003,5,TensorBoard
109,REAL,110.41201782226562,377.275390625,43.62376022338867,14.981903076171875,2.0686745643615723,109.67234926223755,155.3376824675876,5,TensorBoard
110,REAL,3.7468414306640625,84.64808654785156,45.66516876220703,106.2488021850586,4.567310810089111,48.97524194717407,46.31803560675483,5,TensorBoard
111,REAL,50.523109436035156,123.36967468261719,217.43060302734375,404.79632568359375,11.251330375671387,161.47420864105226,157.05555210824684,5,TensorBoard
112,REAL,26.156005859375,18.73448371887207,143.48934936523438,394.61163330078125,9.272831916809082,118.45286083221436,163.7629660938139,5,TensorBoard
113,REAL,13.245094299316406,99.74939727783203,92.94283294677734,214.41226196289062,10.677358627319336,86.20538902282715,83.20685602892934,5,TensorBoard
114,REAL,19.207664489746094,20.835351943969727,152.5939178466797,264.4373779296875,10.413158416748047,93.49749412536622,112.26598294397238,5,TensorBoard
115,REAL,63.973472595214844,43.60289001464844,404.250244140625,328.0528259277344,15.339971542358398,171.04388084411622,180.95994208407478,5,TensorBoard
116,REAL,117.41932678222656,161.45034790039062,212.30209350585938,90.76482391357422,26.69559097290039,121.72643661499023,70.33841949578034,5,TensorBoard
117,REAL,17.990760803222656,486.6131591796875,51.92318344116211,142.3456573486328,3.8114376068115234,140.5368396759033,200.83316946658204,5,TensorBoard
118,REAL,24.322174072265625,12.556225776672363,104.46047973632812,244.30255126953125,2.6884775161743164,77.66598167419434,101.47925860142018,5,TensorBoard
119,REAL,140.93124389648438,62.41259002685547,193.11572265625,206.3098602294922,33.46434783935547,127.2467529296875,77.09664322393952,5,TensorBoard
120,REAL,110.79444885253906,242.1167755126953,87.00422668457031,270.4038391113281,0.3182898461818695,142.12751600146294,112.45317006761479,5,TensorBoard
121,REAL,2.733102798461914,16.195281982421875,137.853271484375,48.41902160644531,2.0305912494659424,41.446253824234006,57.08074684640957,5,TensorBoard
122,REAL,19.249011993408203,67.4964599609375,101.41342163085938,59.737266540527344,1.356433391571045,49.85051870346069,39.862226816619966,5,TensorBoard
123,REAL,18.182750701904297,154.3516845703125,44.945457458496094,228.36155700683594,10.660856246948242,91.30046119689942,95.86309587062965,5,TensorBoard
124,REAL,40.96399688720703,226.86721801757812,62.51243591308594,42.4162712097168,7.6302337646484375,76.07803115844726,86.56300408042279,5,TensorBoard
125,REAL,34.15742492675781,498.257080078125,282.6015319824219,155.67059326171875,15.786872863769531,197.2947006225586,199.46618629291856,5,TensorBoard
126,REAL,20.270381927490234,281.3565368652344,394.474609375,88.63763427734375,6.687600135803223,158.28535251617433,171.61927103464797,5,TensorBoard
127,REAL,11.653759002685547,50.067935943603516,15.018388748168945,91.46327209472656,2.099543571472168,34.06057987213135,36.86964547052863,5,TensorBoard
128,REAL,33.63969421386719,105.295654296875,96.22381591796875,149.13563537597656,13.713639259338379,79.60168781280518,55.28377862881583,5,TensorBoard
129,REAL,1.4022080898284912,6.849945068359375,276.37969970703125,148.7344970703125,3.8681869506835938,87.44690737724304,122.8176817328628,5,TensorBoard
130,REAL,14.398048400878906,104.87078857421875,55.53452682495117,41.14086151123047,28.747501373291016,48.93834533691406,34.761511989275164,5,TensorBoard
131,REAL,26.603870391845703,837.836181640625,169.40512084960938,48.34294128417969,9.00896167755127,218.2394151687622,352.01254162761575,5,TensorBoard
132,REAL,9.667205810546875,34.55549621582031,18.541872024536133,9.863689422607422,29.96632957458496,20.518918609619142,11.417983378608811,5,TensorBoard
133,REAL,28.402061462402344,319.0602111816406,30.41241455078125,4.269117832183838,2.82321834564209,76.99340467453003,135.9386667999656,5,TensorBoard
134,REAL,21.80476951599121,52.1036376953125,159.7801971435547,32.033958435058594,13.17770767211914,55.78005409240723,59.9222469824743,5,TensorBoard
135,REAL,60.53818130493164,15.149337768554688,58.42253875732422,36.25262451171875,2.5983948707580566,34.59221544265747,25.717039385986315,5,TensorBoard
136,REAL,50.39735412597656,67.0616683959961,14.11428451538086,6.961274147033691,12.564775466918945,30.21987133026123,26.81652243734855,5,TensorBoard
137,REAL,6.713370323181152,46.858943939208984,172.3559112548828,34.782432556152344,20.789186477661133,56.29996891021729,66.59760788715354,5,TensorBoard
138,REAL,7.961679458618164,68.79298400878906,338.27777099609375,6.320204257965088,0.596062958240509,84.38974033594131,144.6200818021096,5,TensorBoard
139,REAL,0.9064719676971436,85.67300415039062,175.41851806640625,56.26917266845703,8.518257141113281,65.35708479881286,70.69897390117103,5,TensorBoard
140,REAL,50.80457305908203,91.14524841308594,75.1256332397461,42.675018310546875,6.703676223754883,53.29082984924317,32.399673818902514,5,TensorBoard
141,REAL,21.602249145507812,472.239990234375,56.354331970214844,26.83182144165039,12.220264434814453,117.8497314453125,198.79610268601115,5,TensorBoard
142,REAL,34.563270568847656,204.49029541015625,53.993953704833984,11.322382926940918,8.630439758300781,62.60006847381592,81.44796745002577,5,TensorBoard
143,REAL,67.70991516113281,51.394386291503906,142.9943389892578,33.71805191040039,2.4830873012542725,59.65995593070984,52.487897593849695,5,TensorBoard
144,REAL,50.437835693359375,40.591495513916016,696.748046875,16.870758056640625,5.840956687927246,162.09781856536864,299.41180293025934,5,TensorBoard
145,REAL,3.3581535816192627,37.42200469970703,308.1568603515625,79.379638671875,8.524885177612305,87.36830849647522,127.06300432093484,5,TensorBoard
146,REAL,4.250372409820557,47.15532684326172,133.42416381835938,16.208778381347656,11.70509147644043,42.54874658584595,53.36537381322321,5,TensorBoard
147,REAL,12.716753959655762,43.115779876708984,220.18959045410156,9.878159523010254,12.137189865112305,59.60749473571777,90.8071642548551,5,TensorBoard
148,REAL,22.615863800048828,65.68214416503906,165.87115478515625,54.41114807128906,14.52839469909668,64.62174110412597,60.47863572705997,5,TensorBoard
149,REAL,25.60721206665039,70.93765258789062,197.27584838867188,95.16607666015625,3.1145501136779785,78.42026796340943,75.70209814465115,5,TensorBoard
150,REAL,33.5128173828125,25.848093032836914,690.2279052734375,18.439754486083984,52.53089904785156,164.11189384460448,294.3814470438373,5,TensorBoard
151,REAL,27.998291015625,177.6518096923828,88.3320541381836,9.453672409057617,22.34698486328125,65.15656242370605,69.8364036430342,5,TensorBoard
152,REAL,14.185908317565918,301.9603576660156,94.67692565917969,110.75868225097656,14.261270523071289,107.16862888336182,117.67573273201091,5,TensorBoard
153,REAL,20.898056030273438,62.243019104003906,386.9317626953125,44.25001525878906,11.917253494262695,105.24802131652832,158.69898076354733,5,TensorBoard
154,REAL,19.331789016723633,221.19668579101562,748.2523193359375,22.417278289794922,10.873644828796387,204.4143434524536,316.574587078394,5,TensorBoard
155,REAL,72.53529357910156,5.494802474975586,261.2545471191406,60.18489456176758,12.99370002746582,82.49264755249024,104.0569235226454,5,TensorBoard
156,REAL,49.381744384765625,215.08102416992188,77.37360382080078,2.2781119346618652,6.7136125564575195,70.16561937332153,86.77452086012775,5,TensorBoard
157,REAL,9.25654411315918,10.96868896484375,260.3310546875,7.473796844482422,22.679454803466797,62.14190788269043,110.9508737169109,5,TensorBoard
158,REAL,2.1537604331970215,15.489609718322754,159.63861083984375,15.92720890045166,19.36185073852539,42.51420812606811,65.8033444221322,5,TensorBoard
159,REAL,14.100900650024414,4.239987373352051,161.07626342773438,25.75324249267578,4.1235246658325195,41.85878372192383,67.2343283097839,5,TensorBoard
160,REAL,4.554082870483398,102.1900863647461,203.96685791015625,23.858985900878906,0.4877137541770935,67.01154536008835,86.86596796639611,5,TensorBoard
161,REAL,24.66794204711914,35.25714111328125,55.1295051574707,6.120718955993652,5.399777889251709,25.31501703262329,20.93565181819591,5,TensorBoard
162,REAL,7.256720542907715,59.32958984375,382.15216064453125,5.294401168823242,3.6579763889312744,91.53816971778869,164.13269251426883,5,TensorBoard
163,REAL,29.865005493164062,61.856117248535156,224.01861572265625,17.964868545532227,10.542236328125,68.84936866760253,88.93134346714523,5,TensorBoard
164,REAL,13.462904930114746,34.97089385986328,130.3258819580078,30.08672332763672,3.0692567825317383,42.38313217163086,50.798697151228545,5,TensorBoard
165,REAL,34.648582458496094,40.56084442138672,193.17083740234375,5.010064125061035,12.674606323242188,57.21298694610596,77.42705567305237,5,TensorBoard
166,REAL,4.268433570861816,31.290660858154297,487.7535095214844,55.868797302246094,9.62605094909668,117.76149044036865,207.83163332840027,5,TensorBoard
167,REAL,29.0096435546875,61.97099304199219,390.6278076171875,17.77235984802246,4.990316867828369,100.8742241859436,163.35143249526465,5,TensorBoard
168,REAL,30.333087921142578,17.18196678161621,67.72225952148438,26.799060821533203,4.359927177429199,29.279260444641114,23.72995893904319,5,TensorBoard
169,REAL,93.27679443359375,44.04107666015625,45.306549072265625,17.365478515625,7.4186859130859375,41.48171691894531,33.33838911100221,5,TensorBoard
170,REAL,15.186151504516602,57.110958099365234,43.872161865234375,9.225555419921875,15.00655746459961,28.080276870727538,21.123714240964517,5,TensorBoard
171,REAL,50.678504943847656,10.242687225341797,36.52704620361328,11.489278793334961,2.8281595706939697,22.353135347366333,20.304785912196685,5,TensorBoard
172,REAL,48.043785095214844,7.93703556060791,285.43487548828125,29.39801597595215,8.331426620483398,75.8290277481079,118.35087529409574,5,TensorBoard
173,REAL,2.257829189300537,71.42036437988281,169.190673828125,19.702016830444336,3.596252202987671,53.23342728614807,70.6462383024829,5,TensorBoard
174,REAL,2.426262855529785,32.517337799072266,254.1176300048828,38.91080093383789,1.8525303602218628,65.96491239070892,106.53598905154116,5,TensorBoard
175,REAL,32.64555358886719,41.2867317199707,254.11386108398438,23.310588836669922,12.164580345153809,72.7042631149292,101.98773452199123,5,TensorBoard
176,REAL,6.674084663391113,36.394203186035156,74.37499237060547,20.995107650756836,7.595168113708496,29.206711196899413,27.991258238131508,5,TensorBoard
177,REAL,24.549163818359375,35.98611831665039,325.36920166015625,27.266887664794922,1.5198947191238403,82.93825323581696,136.12017074857724,5,TensorBoard
178,REAL,52.95404052734375,168.1230926513672,58.055755615234375,8.052680015563965,1.9199812412261963,57.821110010147095,66.69352221216772,5,TensorBoard
179,REAL,7.541714668273926,171.53973388671875,107.00005340576172,7.053688049316406,2.7881126403808594,59.18466053009033,76.60805614911229,5,TensorBoard
180,REAL,50.88623809814453,172.41329956054688,353.68585205078125,21.092079162597656,1.873223066329956,119.99013838768005,146.5176228740143,5,TensorBoard
181,REAL,27.172901153564453,125.54603576660156,238.510986328125,1.7255315780639648,3.952671527862549,79.3816252708435,102.34629105548498,5,TensorBoard
182,REAL,5.872440338134766,285.501708984375,34.0275764465332,13.321497917175293,4.745349884033203,68.69371471405029,121.76764327352208,5,TensorBoard
183,REAL,14.794822692871094,60.69831848144531,600.2772216796875,2.773484706878662,5.2491350173950195,136.7585965156555,260.1713822385467,5,TensorBoard
184,REAL,7.616301536560059,73.38497924804688,86.16487121582031,1.2640819549560547,3.743771553039551,34.43480110168457,41.697075299228985,5,TensorBoard
185,REAL,26.43048858642578,40.8654670715332,143.00096130371094,37.901878356933594,2.2505288124084473,50.089864826202394,54.116717682848055,5,TensorBoard
186,REAL,37.17519760131836,42.451438903808594,317.2257080078125,17.62065887451172,2.649380922317505,83.42447686195374,131.65823174297626,5,TensorBoard
187,REAL,111.77391052246094,27.693885803222656,172.23980712890625,21.98629379272461,3.9653470516204834,67.53184885978699,71.80403467779874,5,TensorBoard
188,REAL,72.64895629882812,29.84060287475586,622.2613525390625,27.731382369995117,8.220681190490723,152.14059505462646,263.85617727489756,5,TensorBoard
189,REAL,80.55096435546875,141.03216552734375,620.4667358398438,3.56282377243042,0.7601701021194458,169.27457191944123,258.8925297951573,5,TensorBoard
190,REAL,38.58918380737305,9.193662643432617,57.81547546386719,22.952754974365234,3.847409248352051,26.479697227478027,22.090933860842746,5,TensorBoard
191,REAL,63.88347625732422,74.18815612792969,88.27702331542969,7.321542739868164,5.188924789428711,47.77182464599609,38.8831829726495,5,TensorBoard
192,REAL,6.282584190368652,40.33124542236328,62.652320861816406,21.10602569580078,1.1523139476776123,26.304898023605347,25.389207248082784,5,TensorBoard
193,REAL,51.47114181518555,20.05411148071289,55.423866271972656,2.1638965606689453,0.6339921951293945,25.949401664733887,26.27488315965269,5,TensorBoard
194,REAL,19.859771728515625,239.40609741210938,80.57424926757812,27.366235733032227,2.8733904361724854,74.01594891548157,96.91138144941704,5,TensorBoard
195,REAL,44.17153549194336,3.6452865600585938,712.68212890625,12.382192611694336,0.5590258836746216,154.68803389072417,312.4067547217442,5,TensorBoard
196,REAL,7.961804389953613,36.75700378417969,96.0118637084961,22.80467414855957,1.0854521989822388,32.92415964603424,37.86150933541683,5,TensorBoard
197,REAL,17.525798797607422,6.236391067504883,184.11444091796875,1.582653522491455,2.9128098487854004,42.474418830871585,79.42729620518256,5,TensorBoard
198,REAL,64.96234130859375,26.801856994628906,416.05145263671875,10.410576820373535,3.0307083129882812,104.25138721466064,175.9354023423685,5,TensorBoard
199,REAL,24.402950286865234,95.94786071777344,468.1634216308594,19.309368133544922,10.880699157714844,123.74085998535156,195.51900449472924,5,TensorBoard
200,REAL,31.038650512695312,101.27116394042969,113.7139663696289,24.184490203857422,0.32082733511924744,54.105819672346115,50.24417006859845,5,TensorBoard
1,ZERO,1.4014768600463867,1.3469083309173584,1.3773257732391357,2.566314697265625,2.777157783508301,1.8938366889953613,0.7142855142984801,5,TensorBoard
2,ZERO,3.2483787536621094,1.2012666463851929,3.2791459560394287,1.5124032497406006,2.104123115539551,2.2690635442733766,0.9642685206144832,5,TensorBoard
3,ZERO,2.7790985107421875,2.489976167678833,2.525099277496338,2.757152557373047,1.9238693714141846,2.495039176940918,0.34516565579979686,5,TensorBoard
4,ZERO,1.1342353820800781,4.014477729797363,4.115706443786621,5.903378963470459,2.151921033859253,3.463943910598755,1.8592788333026127,5,TensorBoard
5,ZERO,3.2574028968811035,0.8825640678405762,1.6562936305999756,1.8983319997787476,6.219606399536133,2.782839798927307,2.103513903643418,5,TensorBoard
6,ZERO,4.502179145812988,1.2584993839263916,0.23910143971443176,3.200430393218994,1.0902074575424194,2.058083564043045,1.7438014851331536,5,TensorBoard
7,ZERO,2.485863208770752,0.5914953351020813,1.0860843658447266,0.47888708114624023,5.3925251960754395,2.006971037387848,2.054139660303605,5,TensorBoard
8,ZERO,1.8683422803878784,0.14867088198661804,0.5906232595443726,2.754495620727539,1.4881994724273682,1.3700663030147553,1.034192579214356,5,TensorBoard
9,ZERO,0.5607497692108154,0.9406253695487976,0.31781864166259766,1.8244061470031738,0.37909042835235596,0.8045380711555481,0.6196742855918228,5,TensorBoard
10,ZERO,4.102611541748047,0.2589692175388336,2.9725117683410645,3.109286308288574,7.005392074584961,3.489754182100296,2.4282489029740715,5,TensorBoard
11,ZERO,1.9240089654922485,6.089717864990234,0.8912680149078369,1.9757614135742188,8.182827949523926,3.812716841697693,3.1527405018858636,5,TensorBoard
12,ZERO,2.3764586448669434,3.7194759845733643,5.040023326873779,1.4130148887634277,4.755886554718018,3.4609718799591063,1.5497845538887853,5,TensorBoard
13,ZERO,2.295156478881836,0.6194616556167603,4.580639362335205,3.15425181388855,2.1470441818237305,2.559310698509216,1.452797296572295,5,TensorBoard
14,ZERO,4.8910980224609375,5.925290107727051,3.5810134410858154,1.75469970703125,5.861475944519043,4.402715444564819,1.7586866457863948,5,TensorBoard
15,ZERO,5.662128925323486,3.4522299766540527,1.565600037574768,4.119000434875488,1.2427024841308594,3.208332371711731,1.835224118878279,5,TensorBoard
16,ZERO,4.119747638702393,2.646474838256836,4.843901634216309,1.5910909175872803,1.3718998432159424,2.914622974395752,1.5311822876090613,5,TensorBoard
17,ZERO,2.569361686706543,1.0196456909179688,1.7240231037139893,3.3000831604003906,4.177907943725586,2.5582043170928954,1.2486962687241676,5,TensorBoard
18,ZERO,6.0946760177612305,3.1613693237304688,1.2784799337387085,3.322230100631714,5.953682899475098,3.9620876550674438,2.0473582173331866,5,TensorBoard
19,ZERO,0.30923619866371155,1.3278326988220215,3.299873113632202,10.229500770568848,1.0539562702178955,3.244079810380936,4.0583608151164885,5,TensorBoard
20,ZERO,2.1723928451538086,0.39338529109954834,1.9871609210968018,4.556636810302734,3.1698966026306152,2.4558944940567016,1.5392324264018824,5,TensorBoard
21,ZERO,1.954629898071289,2.747842311859131,0.4521670937538147,9.311542510986328,5.134521007537842,3.920140564441681,3.4571046475265454,5,TensorBoard
22,ZERO,1.8191425800323486,0.21901766955852509,2.5338587760925293,2.8957290649414062,9.426799774169922,3.3789095729589462,3.5334947308548235,5,TensorBoard
23,ZERO,0.5371517539024353,4.601357460021973,3.8551881313323975,5.120395183563232,2.185429573059082,3.259904420375824,1.8830270254510468,5,TensorBoard
24,ZERO,1.2085556983947754,1.8899073600769043,2.0238914489746094,6.548906326293945,6.523219108581543,3.6388959884643555,2.6627633596441793,5,TensorBoard
25,ZERO,2.8005757331848145,0.20008960366249084,2.053666114807129,4.368958473205566,3.7232666015625,2.6293113052845003,1.6190218825208598,5,TensorBoard
26,ZERO,0.6656442880630493,2.3706445693969727,3.916255235671997,5.358070373535156,3.4301393032073975,3.1481507539749147,1.7550356821137452,5,TensorBoard
27,ZERO,7.870663642883301,0.6650757789611816,3.159290313720703,1.2863783836364746,7.906589508056641,4.17759952545166,3.5099154290760404,5,TensorBoard
28,ZERO,8.204916000366211,3.7999062538146973,4.293971538543701,3.9268574714660645,9.457918167114258,5.9367138862609865,2.685502397368485,5,TensorBoard
29,ZERO,0.7607630491256714,4.625024795532227,5.6893181800842285,3.2077651023864746,4.019545555114746,3.6604833364486695,1.8566615382238578,5,TensorBoard
30,ZERO,6.139064788818359,2.3092262744903564,8.564733505249023,5.199984550476074,6.801020622253418,5.802805948257446,2.30793408419128,5,TensorBoard
31,ZERO,11.142009735107422,1.6541988849639893,3.82397723197937,2.285576820373535,7.95275354385376,5.371703243255615,4.052706762832531,5,TensorBoard
32,ZERO,6.458019733428955,1.66610586643219,2.282529354095459,7.631193161010742,14.982075691223145,6.603984761238098,5.3461784325978225,5,TensorBoard
33,ZERO,11.1585693359375,2.2699790000915527,9.612746238708496,6.69539737701416,4.709883213043213,6.889315032958985,3.5975478570634305,5,TensorBoard
34,ZERO,6.1961669921875,2.6899876594543457,5.5346174240112305,11.360724449157715,6.868894577026367,6.5300782203674315,3.1344327211102314,5,TensorBoard
35,ZERO,8.022869110107422,5.203890800476074,10.555007934570312,13.598245620727539,2.7889552116394043,8.033793735504151,4.267213579464803,5,TensorBoard
36,ZERO,12.13983154296875,1.9643187522888184,5.284759998321533,4.766531944274902,4.616567611694336,5.754401969909668,3.7957067663594883,5,TensorBoard
37,ZERO,1.5006388425827026,4.4005889892578125,1.761085033416748,3.2552542686462402,0.4936966300010681,2.282252752780914,1.5423642129295525,5,TensorBoard
38,ZERO,11.564096450805664,0.9612288475036621,7.161499977111816,15.360004425048828,18.276451110839844,10.664656162261963,6.841478557136976,5,TensorBoard
39,ZERO,6.522873878479004,11.313263893127441,11.416911125183105,0.3831799626350403,4.44785737991333,6.816817247867585,4.702896936785456,5,TensorBoard
40,ZERO,7.780149459838867,14.276101112365723,6.391109466552734,24.05307388305664,3.8764309883117676,11.275372982025146,8.110039608617717,5,TensorBoard
41,ZERO,30.552370071411133,6.18147611618042,4.749866485595703,14.939998626708984,9.149839401245117,13.114710140228272,10.501954643183877,5,TensorBoard
42,ZERO,13.319256782531738,6.635271072387695,10.176175117492676,3.797187566757202,10.6328125,8.912140607833862,3.7191412810366873,5,TensorBoard
43,ZERO,11.5518798828125,1.669510841369629,20.854297637939453,12.82236099243164,16.20558738708496,12.620727348327637,7.102026739331174,5,TensorBoard
44,ZERO,2.9156527519226074,9.66205883026123,4.669496536254883,21.675861358642578,9.542059898376465,9.693025875091553,7.327699662558608,5,TensorBoard
45,ZERO,1.5360291004180908,10.604913711547852,7.503652572631836,15.581220626831055,27.162029266357422,12.47756905555725,9.65958079531553,5,TensorBoard
46,ZERO,3.062950611114502,18.801998138427734,8.913637161254883,8.655282974243164,10.826835632324219,10.0521409034729,5.684547856762549,5,TensorBoard
47,ZERO,11.159613609313965,2.920384645462036,13.124194145202637,6.236821174621582,14.214282035827637,9.531059122085571,4.7970930406448895,5,TensorBoard
48,ZERO,40.019805908203125,19.115394592285156,2.1978976726531982,17.63789176940918,7.84807014465332,17.363812017440797,14.46540287814474,5,TensorBoard
49,ZERO,2.621469259262085,1.4769389629364014,4.504586219787598,30.367923736572266,32.20615768432617,14.235415172576904,15.616953175706067,5,TensorBoard
50,ZERO,69.6112289428711,2.549367666244507,14.140411376953125,29.265586853027344,28.97724151611328,28.90876727104187,25.34632457785009,5,TensorBoard
51,ZERO,25.999900817871094,5.847203254699707,5.7540483474731445,23.67483901977539,11.068927764892578,14.468983840942382,9.741090780238544,5,TensorBoard
52,ZERO,95.06359100341797,24.641937255859375,28.39755630493164,25.30553436279297,3.993488073348999,35.48042140007019,34.68699004318581,5,TensorBoard
53,ZERO,44.074867248535156,12.99776840209961,29.999576568603516,17.815887451171875,33.572425842285156,27.692105102539063,12.467564901217989,5,TensorBoard
54,ZERO,61.8888053894043,17.26132583618164,25.146909713745117,99.8613052368164,4.738776206970215,41.77942447662353,38.81906556658903,5,TensorBoard
55,ZERO,61.61638641357422,38.48583984375,18.600391387939453,67.65180969238281,0.289591521024704,37.328803771734236,28.431350502967803,5,TensorBoard
56,ZERO,35.45395278930664,28.606719970703125,32.899452209472656,9.400602340698242,52.29495620727539,31.73113670349121,15.382699195545472,5,TensorBoard
57,ZERO,8.254545211791992,38.02947998046875,7.230355739593506,44.38859176635742,10.640996932983398,21.708793926239014,17.985244885933586,5,TensorBoard
58,ZERO,55.71145248413086,46.008995056152344,21.652034759521484,44.13803482055664,1.5050383806228638,33.80311110019684,21.946433829227885,5,TensorBoard
59,ZERO,21.702655792236328,45.62708282470703,41.55048751831055,108.01009368896484,13.836885452270508,46.14544105529785,37.04696362496062,5,TensorBoard
60,ZERO,58.38020324707031,48.561012268066406,22.905521392822266,11.6365966796875,14.590555191040039,31.214777755737305,21.021214791929314,5,TensorBoard
61,ZERO,64.7711181640625,57.60612487792969,16.080974578857422,136.45269775390625,25.907224655151367,60.163628005981444,47.3407157067815,5,TensorBoard
62,ZERO,112.97065734863281,38.05156707763672,7.328291893005371,88.843994140625,13.022965431213379,52.043495178222656,46.86208758839266,5,TensorBoard
63,ZERO,111.61061096191406,42.51407241821289,19.166095733642578,35.09489059448242,25.609939575195312,46.79912185668945,37.31100835089236,5,TensorBoard
64,ZERO,70.64380645751953,87.08280181884766,2.535639762878418,83.25967407226562,27.022579193115234,54.108900260925296,37.42966373102203,5,TensorBoard
65,ZERO,171.0953369140625,30.809816360473633,20.19696044921875,46.72687911987305,5.702905654907227,54.90637969970703,66.65798529778704,5,TensorBoard
66,ZERO,263.49346923828125,99.13739013671875,78.85012817382812,39.6475715637207,6.842168807983398,97.59414558410644,99.3353312155507,5,TensorBoard
67,ZERO,82.99272155761719,9.138687133789062,46.45811080932617,92.85978698730469,5.282811164855957,47.34642353057861,40.5342217190844,5,TensorBoard
68,ZERO,47.099029541015625,86.33027648925781,24.77216339111328,97.90451049804688,1.3178417682647705,51.48476433753967,40.67714465710918,5,TensorBoard
69,ZERO,65.44596862792969,99.99844360351562,33.04792785644531,19.991920471191406,23.095062255859375,48.31586456298828,34.043993636035104,5,TensorBoard
70,ZERO,192.37637329101562,15.856864929199219,18.095460891723633,38.733062744140625,6.818569183349609,54.37606620788574,78.02325779038381,5,TensorBoard
71,ZERO,79.63534545898438,3.640923500061035,28.470256805419922,194.47897338867188,2.775606155395508,61.800221061706544,80.46589115323067,5,TensorBoard
72,ZERO,74.66180419921875,49.539955139160156,53.60597229003906,69.29331970214844,7.276712417602539,50.87555274963379,26.528747556573926,5,TensorBoard
73,ZERO,189.13055419921875,64.18661499023438,42.847320556640625,7.797111511230469,22.766952514648438,65.34571075439453,72.37921051522594,5,TensorBoard
74,ZERO,214.05999755859375,77.56538391113281,50.49274444580078,227.31056213378906,2.1782922744750977,114.3213960647583,100.89043215485187,5,TensorBoard
75,ZERO,4.9695539474487305,53.84697723388672,53.871337890625,21.40645980834961,20.27959632873535,30.874785041809083,21.963328878397288,5,TensorBoard
76,ZERO,114.014404296875,33.72684097290039,18.410228729248047,221.9092559814453,19.305395126342773,81.47322502136231,87.89582598929395,5,TensorBoard
77,ZERO,201.1340789794922,109.10623931884766,31.3705997467041,116.49040985107422,15.673346519470215,94.75493488311767,74.60962516419958,5,TensorBoard
78,ZERO,69.73668670654297,115.70069885253906,100.47335052490234,73.84503173828125,1.5292115211486816,72.25699586868286,43.86003674742611,5,TensorBoard
79,ZERO,7.056679725646973,44.25961685180664,22.15363311767578,100.686279296875,9.091164588928223,36.649474716186525,38.74257993571476,5,TensorBoard
80,ZERO,31.319976806640625,197.05599975585938,114.95213317871094,64.41503143310547,9.705121994018555,83.48965263366699,74.86133196163543,5,TensorBoard
81,ZERO,66.46639251708984,19.176103591918945,11.126378059387207,144.7138671875,0.2599925994873047,48.34854679107666,59.50538135411118,5,TensorBoard
82,ZERO,65.09149169921875,37.571266174316406,13.837671279907227,304.2012939453125,3.3274874687194824,84.80584211349488,124.92930861889792,5,TensorBoard
83,ZERO,36.69670104980469,77.18052673339844,62.04702377319336,123.38995361328125,11.023906707763672,62.067622375488284,42.538139266289306,5,TensorBoard
84,ZERO,35.91272735595703,30.057025909423828,22.099510192871094,58.33927536010742,1.1058950424194336,29.50288677215576,20.821440616357222,5,TensorBoard
85,ZERO,97.06710815429688,22.950969696044922,33.238773345947266,26.259502410888672,7.777158737182617,37.45870246887207,34.597182907728865,5,TensorBoard
86,ZERO,17.13666343688965,239.998291015625,2.797668218612671,120.15515899658203,12.28783893585205,78.47512412071228,102.09946077481587,5,TensorBoard
87,ZERO,99.2108154296875,46.51715850830078,81.73997497558594,7.846505165100098,12.699691772460938,49.602829170227054,40.64696159889178,5,TensorBoard
88,ZERO,117.2193603515625,22.549087524414062,170.65708923339844,175.7772216796875,8.554580688476562,98.95146789550782,79.66575395650938,5,TensorBoard
89,ZERO,51.56853485107422,115.53337097167969,161.7670135498047,262.03375244140625,2.744875431060791,118.72950944900512,100.45095813037094,5,TensorBoard
90,ZERO,37.27876281738281,60.50694274902344,4.671686172485352,76.47390747070312,5.781223773956299,36.94250459671021,32.13471165459137,5,TensorBoard
91,ZERO,3.054384231567383,180.806884765625,41.3975830078125,105.14215087890625,3.868492364883423,66.85389904975891,76.05398864362053,5,TensorBoard
92,ZERO,150.05117797851562,90.54519653320312,91.78052520751953,24.92141342163086,10.73519515991211,73.60670166015625,56.533269078839055,5,TensorBoard
93,ZERO,5.3453264236450195,4.247893333435059,116.44046020507812,35.09037780761719,2.7200376987457275,32.768819093704224,48.66917294577308,5,TensorBoard
94,ZERO,9.094078063964844,8.659523010253906,77.5816879272461,234.8690185546875,10.605175018310547,68.16189651489258,97.75263785151238,5,TensorBoard
95,ZERO,80.80690002441406,64.0528564453125,83.04518127441406,52.4056510925293,7.458484172821045,57.553814601898196,30.695272517521094,5,TensorBoard
96,ZERO,27.370037078857422,16.567138671875,88.9886474609375,80.51805114746094,32.90764236450195,49.270303344726564,33.05610351571407,5,TensorBoard
97,ZERO,9.822970390319824,139.2264862060547,358.98345947265625,125.31178283691406,2.644069194793701,127.19775362014771,144.19025692912112,5,TensorBoard
98,ZERO,101.01011657714844,179.4834747314453,100.11151123046875,172.2201690673828,20.709056854248047,114.70686569213868,64.69158082445786,5,TensorBoard
99,ZERO,7.596487045288086,31.582767486572266,108.5328598022461,158.34121704101562,3.7474374771118164,61.96015377044678,68.42010029914812,5,TensorBoard
100,ZERO,21.40358543395996,133.48123168945312,3.013947010040283,312.61798095703125,15.805488586425781,97.26444673538208,131.30345487909688,5,TensorBoard
101,ZERO,142.59408569335938,295.090576171875,66.04899597167969,414.958740234375,2.239225149154663,184.18632464408876,169.07598187332897,5,TensorBoard
102,ZERO,16.067134857177734,296.9327392578125,57.117164611816406,30.26422882080078,16.437808990478516,83.36381530761719,120.54881952581786,5,TensorBoard
103,ZERO,21.2385196685791,41.26499938964844,144.883056640625,72.91937255859375,32.6390380859375,62.588997268676756,49.85128834817862,5,TensorBoard
104,ZERO,6.156018257141113,114.17465209960938,50.21055603027344,208.4559326171875,11.711498260498047,78.1417314529419,84.63928127974467,5,TensorBoard
105,ZERO,9.7250394821167,265.14996337890625,40.38951110839844,230.20053100585938,56.80164337158203,120.45333766937256,118.0085489138097,5,TensorBoard
106,ZERO,55.98704528808594,162.92813110351562,83.19609832763672,455.73968505859375,2.02470064163208,151.97513208389282,179.45909841265185,5,TensorBoard
107,ZERO,15.381937026977539,181.4188232421875,42.541908264160156,256.1885986328125,32.59364318847656,105.62498207092285,107.08754226142082,5,TensorBoard
108,ZERO,97.8548812866211,125.22775268554688,101.30034637451172,12.764453887939453,7.812366962432861,68.9919602394104,54.643937179979915,5,TensorBoard
109,ZERO,20.658241271972656,57.5447998046875,36.761741638183594,23.775917053222656,12.22638988494873,30.193417930603026,17.65048848449638,5,TensorBoard
110,ZERO,175.8465118408203,50.89267349243164,98.6438217163086,26.527006149291992,49.26650619506836,80.23530387878418,59.55042873460059,5,TensorBoard
111,ZERO,67.65119934082031,28.01006507873535,89.8409423828125,231.73797607421875,21.57714080810547,87.76346473693847,85.27686863016694,5,TensorBoard
112,ZERO,35.357086181640625,64.35162353515625,114.15966033935547,53.745880126953125,9.262042999267578,55.37525863647461,38.942238538386135,5,TensorBoard
113,ZERO,11.336840629577637,61.05046844482422,86.34281921386719,37.85932159423828,13.694134712219238,42.05671691894531,31.967899718633117,5,TensorBoard
114,ZERO,13.286935806274414,16.129322052001953,91.9727783203125,48.52192687988281,76.55480194091797,49.29315299987793,35.21941960743248,5,TensorBoard
115,ZERO,118.73895263671875,29.439830780029297,115.091552734375,353.61474609375,25.84814453125,128.5466453552246,133.51219334828312,5,TensorBoard
116,ZERO,37.720176696777344,13.288138389587402,16.174610137939453,27.2763671875,81.68356323242188,35.22857112884522,27.712578170404505,5,TensorBoard
117,ZERO,6.389654159545898,44.593902587890625,65.58308410644531,113.04156494140625,8.000946044921875,47.52183036804199,44.38854999766575,5,TensorBoard
118,ZERO,128.10113525390625,125.82969665527344,181.92236328125,64.22683715820312,37.563419342041016,107.52869033813477,57.14621713283564,5,TensorBoard
119,ZERO,129.0948486328125,36.2694091796875,29.03873062133789,4.259334564208984,40.55648422241211,47.8437614440918,47.544822693138215,5,TensorBoard
120,ZERO,33.342105865478516,154.0726318359375,83.7721176147461,31.616268157958984,15.161895751953125,63.593003845214845,56.73834769976451,5,TensorBoard
121,ZERO,9.034584045410156,120.79278564453125,15.002750396728516,77.79507446289062,21.730445861816406,48.87112808227539,48.68252607449359,5,TensorBoard
122,ZERO,28.97625732421875,33.52044677734375,6.731118679046631,131.1554412841797,61.884422302246094,52.45353727340698,48.17446273444741,5,TensorBoard
123,ZERO,11.880125999450684,15.222737312316895,19.189014434814453,9.10488510131836,69.72518920898438,25.024390411376952,25.270970329876295,5,TensorBoard
124,ZERO,27.771709442138672,8.187808990478516,18.177658081054688,160.94332885742188,66.12721252441406,56.24154357910156,62.50748461958823,5,TensorBoard
125,ZERO,56.452796936035156,208.65036010742188,3.996927261352539,3.1846163272857666,7.710412502288818,55.99902262687683,88.21565344182224,5,TensorBoard
126,ZERO,54.056739807128906,226.1619873046875,158.11334228515625,19.74654769897461,80.19703674316406,107.65513076782227,83.58313163251299,5,TensorBoard
127,ZERO,16.378583908081055,5.971625804901123,4.396850109100342,37.31953430175781,28.762548446655273,18.56582851409912,14.316358720370363,5,TensorBoard
128,ZERO,21.48505401611328,88.54462432861328,58.57386779785156,14.365522384643555,11.546333312988281,38.90308036804199,33.559997646444344,5,TensorBoard
129,ZERO,131.78225708007812,72.42269897460938,115.68843078613281,5.453662872314453,68.10191345214844,78.68979263305664,49.250937445509685,5,TensorBoard
130,ZERO,3.813488006591797,26.254915237426758,30.538497924804688,86.01286315917969,21.55475616455078,33.634904098510745,30.994956823558894,5,TensorBoard
131,ZERO,17.084503173828125,49.97050476074219,79.57313537597656,15.81544303894043,33.28569030761719,39.1458553314209,26.537195301751904,5,TensorBoard
132,ZERO,29.253816604614258,2.8420424461364746,82.17884826660156,35.44578552246094,49.00453186035156,39.745004940032956,29.054891409913495,5,TensorBoard
133,ZERO,5.644606113433838,106.43693542480469,100.06954956054688,86.03157043457031,23.022357940673828,64.24100389480591,46.56051094966421,5,TensorBoard
134,ZERO,106.15552520751953,132.441650390625,49.240116119384766,182.296630859375,28.892597198486328,99.80530395507813,62.24091426355516,5,TensorBoard
135,ZERO,130.24876403808594,57.665470123291016,89.76068115234375,45.97134017944336,28.544464111328125,70.43814392089844,40.210436496986915,5,TensorBoard
136,ZERO,49.386016845703125,69.15363311767578,14.778759002685547,44.40690612792969,3.0685558319091797,36.15877418518066,26.850139407419757,5,TensorBoard
137,ZERO,21.110750198364258,59.26123809814453,16.03437042236328,7.663224697113037,13.291410446166992,23.47219877243042,20.58716334302016,5,TensorBoard
138,ZERO,71.09352111816406,88.51374816894531,17.05762481689453,26.799819946289062,6.749910831451416,42.04292497634888,35.72705160952903,5,TensorBoard
139,ZERO,98.5579833984375,125.47061157226562,152.20730590820312,101.18460083007812,33.98541259765625,102.28118286132812,43.902574835456214,5,TensorBoard
140,ZERO,314.3206481933594,95.61790466308594,55.14325714111328,22.43750762939453,52.502899169921875,108.004443359375,118.23306392884292,5,TensorBoard
141,ZERO,16.40802574157715,33.0997314453125,9.633665084838867,63.394554138183594,37.849281311035156,32.07705154418945,21.00222871954868,5,TensorBoard
142,ZERO,2.217132568359375,56.299224853515625,38.33113098144531,6.333393096923828,1.391714334487915,20.914519166946413,24.9937851036775,5,TensorBoard
143,ZERO,132.10650634765625,330.44720458984375,5.303589344024658,55.43711853027344,31.70838165283203,111.00056009292602,131.4806886712078,5,TensorBoard
144,ZERO,349.26312255859375,240.36752319335938,88.01856231689453,104.87110900878906,35.3245735168457,163.5689781188965,128.43311905657615,5,TensorBoard
145,ZERO,9.315972328186035,17.39841079711914,91.36720275878906,128.225830078125,20.09817123413086,53.28111743927002,53.359325302482794,5,TensorBoard
146,ZERO,82.96326446533203,62.40128707885742,36.745826721191406,30.031856536865234,19.67432975769043,46.36331291198731,25.827734118856526,5,TensorBoard
147,ZERO,161.90625,46.801734924316406,8.36155891418457,88.60040283203125,73.11949157714844,75.75788764953613,56.95207540854866,5,TensorBoard
148,ZERO,113.88142395019531,21.137069702148438,22.6101016998291,44.87831115722656,27.770095825195312,46.05540046691895,39.072729009560504,5,TensorBoard
149,ZERO,22.206233978271484,23.73340606689453,54.45363998413086,18.924259185791016,17.616573333740234,27.386822509765626,15.328660283943586,5,TensorBoard
150,ZERO,12.24858283996582,339.2725830078125,48.86354446411133,24.412635803222656,25.92236328125,90.14394187927246,139.8944725116528,5,TensorBoard
151,ZERO,70.32461547851562,67.77723693847656,28.06265640258789,122.63099670410156,49.27961730957031,67.61502456665039,35.123718384663405,5,TensorBoard
152,ZERO,56.140380859375,320.07220458984375,42.79975891113281,51.16714859008789,12.880468368530273,96.61199226379395,126.04004938037106,5,TensorBoard
153,ZERO,115.59917449951172,98.30225372314453,77.446044921875,66.84819030761719,35.71839904785156,78.7828125,30.558218849244593,5,TensorBoard
154,ZERO,22.348793029785156,32.85045623779297,25.466838836669922,105.51539611816406,5.161164283752441,38.26852970123291,38.93878372689134,5,TensorBoard
155,ZERO,92.25859069824219,75.66990661621094,4.338312149047852,9.863492965698242,34.38412094116211,43.30288467407227,39.24366330420514,5,TensorBoard
156,ZERO,57.70588684082031,36.58100891113281,15.08502197265625,7.241411209106445,27.372425079345703,28.797150802612304,19.69140482697497,5,TensorBoard
157,ZERO,19.901992797851562,189.70542907714844,160.86001586914062,34.853904724121094,10.456523895263672,83.15557327270508,85.16171466542363,5,TensorBoard
158,ZERO,59.27780532836914,7.641231536865234,4.796360015869141,60.36402893066406,3.5809102058410645,27.13206720352173,29.87952997585508,5,TensorBoard
159,ZERO,113.3709487915039,59.481563568115234,15.982707977294922,26.02449607849121,19.397647857666016,46.85147285461426,41.00218281993398,5,TensorBoard
160,ZERO,12.41850471496582,42.99897003173828,107.71810150146484,18.431264877319336,18.01488494873047,39.91634521484375,39.698849487002896,5,TensorBoard
161,ZERO,14.025398254394531,97.16334533691406,38.16486358642578,23.651615142822266,2.748786449432373,35.150801753997804,37.02379198532266,5,TensorBoard
162,ZERO,77.97445678710938,16.74750518798828,35.526458740234375,14.199745178222656,8.992158889770508,30.688064956665038,28.26804354120979,5,TensorBoard
163,ZERO,93.77669525146484,62.93247985839844,18.494272232055664,1.6816511154174805,9.804161071777344,37.33785190582275,39.449262663885115,5,TensorBoard
164,ZERO,17.697978973388672,191.78805541992188,36.68871307373047,29.596654891967773,3.1725239753723145,55.78878526687622,77.08116243594228,5,TensorBoard
165,ZERO,52.787353515625,77.76336669921875,90.79708862304688,33.839805603027344,5.726587295532227,52.18284034729004,34.06038500131929,5,TensorBoard
166,ZERO,3.419943332672119,166.12762451171875,15.811653137207031,43.448219299316406,21.571834564208984,50.07585496902466,66.47410692440664,5,TensorBoard
167,ZERO,27.462505340576172,41.01293182373047,63.31590270996094,14.88223648071289,12.803972244262695,31.895509719848633,20.880363255887666,5,TensorBoard
168,ZERO,11.3275146484375,17.834732055664062,88.82769775390625,53.0239143371582,10.394144058227539,36.28160057067871,34.185344690208,5,TensorBoard
169,ZERO,19.683197021484375,51.13900375366211,69.4142837524414,4.785995960235596,13.99282169342041,31.803060436248778,27.30613616700867,5,TensorBoard
170,ZERO,20.581836700439453,27.42444610595703,6.519826889038086,24.321910858154297,10.839286804199219,17.93746147155762,8.923329743469413,5,TensorBoard
171,ZERO,22.69527816772461,59.448974609375,58.68898010253906,9.774980545043945,3.2377843856811523,30.769199562072753,26.76736773864585,5,TensorBoard
172,ZERO,4.9410505294799805,38.16975402832031,35.617271423339844,9.787622451782227,3.0828423500061035,18.319708156585694,17.15500701007195,5,TensorBoard
173,ZERO,18.480815887451172,5.346420764923096,32.58241271972656,30.08808135986328,9.816181182861328,19.26278238296509,12.022006038565591,5,TensorBoard
174,ZERO,17.595426559448242,52.203277587890625,110.7751693725586,33.14891815185547,16.523569107055664,46.04927215576172,38.97153177815617,5,TensorBoard
175,ZERO,44.803062438964844,14.90344524383545,25.60036849975586,6.796952247619629,39.22179412841797,26.26512451171875,15.969265933325287,5,TensorBoard
176,ZERO,25.324214935302734,36.593971252441406,54.9872932434082,16.067214965820312,2.7590317726135254,27.146345233917238,19.90718694112474,5,TensorBoard
177,ZERO,33.58446502685547,63.49601364135742,12.355951309204102,56.86310577392578,24.532426834106445,38.16639251708985,21.588276610370894,5,TensorBoard
178,ZERO,50.95317840576172,21.287944793701172,70.06254577636719,4.126978874206543,10.749019622802734,31.43593349456787,28.060858450694596,5,TensorBoard
179,ZERO,14.354829788208008,112.8262710571289,159.67953491210938,3.997636318206787,28.237899780273438,63.8192343711853,68.70638461992583,5,TensorBoard
180,ZERO,26.569175720214844,167.57943725585938,156.78695678710938,8.57148265838623,5.106684684753418,72.92274742126465,81.97842977593218,5,TensorBoard
181,ZERO,24.583271026611328,145.7706756591797,107.82560729980469,3.822171688079834,47.789459228515625,65.95823698043823,59.21525345720086,5,TensorBoard
182,ZERO,2.2704079151153564,60.98542022705078,23.884479522705078,13.923553466796875,14.092578887939453,23.03128800392151,22.55609440760504,5,TensorBoard
183,ZERO,6.076279640197754,43.97631072998047,65.36067962646484,7.070928573608398,7.105710983276367,25.917981910705567,27.315909964577763,5,TensorBoard
184,ZERO,11.292303085327148,25.573848724365234,14.653179168701172,25.161666870117188,31.88908576965332,21.714016723632813,8.496825390016198,5,TensorBoard
185,ZERO,12.109502792358398,23.731828689575195,25.126873016357422,31.91743278503418,27.07378387451172,23.991884231567383,7.329038858812223,5,TensorBoard
186,ZERO,30.59004783630371,10.47256088256836,4.312594413757324,33.62518310546875,21.10877227783203,20.021831703186034,12.6084149563314,5,TensorBoard
187,ZERO,43.66175079345703,35.99974822998047,25.34270477294922,6.450170993804932,10.389406204223633,24.368756198883055,16.007389808331236,5,TensorBoard
188,ZERO,9.682233810424805,19.719518661499023,72.396240234375,20.83374786376953,3.0349106788635254,25.133330249786376,27.425603701331468,5,TensorBoard
189,ZERO,17.488758087158203,78.61892700195312,27.959110260009766,23.162052154541016,11.378636360168457,31.721496772766113,26.94063578873246,5,TensorBoard
190,ZERO,36.628761291503906,29.265220642089844,27.91653823852539,24.74831199645996,33.37016677856445,30.38579978942871,4.664097809071117,5,TensorBoard
191,ZERO,9.084705352783203,32.49625778198242,69.39208984375,67.87103271484375,8.126903533935547,37.39419784545898,30.14421277113424,5,TensorBoard
192,ZERO,76.27616119384766,83.3061294555664,72.28150177001953,21.507801055908203,45.22602462768555,59.71952362060547,25.780083262040822,5,TensorBoard
193,ZERO,22.634639739990234,30.153738021850586,22.81509780883789,7.725990295410156,20.16702651977539,20.699298477172853,8.157797164906507,5,TensorBoard
194,ZERO,30.555173873901367,3.2806684970855713,58.93043518066406,19.332359313964844,26.599525451660156,27.7396324634552,20.316350876168894,5,TensorBoard
195,ZERO,17.284244537353516,116.91851806640625,21.06745147705078,45.86558532714844,29.25899887084961,46.07895965576172,41.097173885041116,5,TensorBoard
196,ZERO,1.843235731124878,2.10537052154541,5.3772969245910645,30.1016902923584,52.215736389160156,18.32866597175598,22.302692263530673,5,TensorBoard
197,ZERO,34.29818344116211,46.4114990234375,8.79104995727539,11.939906120300293,10.623811721801758,22.41289005279541,16.966243834345434,5,TensorBoard
198,ZERO,33.15966033935547,31.062393188476562,119.04470825195312,2.2323930263519287,13.39632797241211,39.77909655570984,46.1211461128073,5,TensorBoard
199,ZERO,11.043048858642578,38.03487777709961,169.098388671875,51.8681640625,11.198257446289062,56.24854736328125,65.49633180127168,5,TensorBoard
200,ZERO,20.127227783203125,10.628475189208984,9.496347427368164,48.029930114746094,30.98296356201172,23.85298881530762,16.048701180642663,5,TensorBoard
